-- MySQL dump 10.13  Distrib 8.0.36, for Win64 (x86_64)
--
-- Host: 127.0.0.1    Database: saturi
-- ------------------------------------------------------
-- Server version	8.0.36

/*!40101 SET @OLD_CHARACTER_SET_CLIENT=@@CHARACTER_SET_CLIENT */;
/*!40101 SET @OLD_CHARACTER_SET_RESULTS=@@CHARACTER_SET_RESULTS */;
/*!40101 SET @OLD_COLLATION_CONNECTION=@@COLLATION_CONNECTION */;
/*!50503 SET NAMES utf8mb4 */;
/*!40103 SET @OLD_TIME_ZONE=@@TIME_ZONE */;
/*!40103 SET TIME_ZONE='+00:00' */;
/*!40014 SET @OLD_UNIQUE_CHECKS=@@UNIQUE_CHECKS, UNIQUE_CHECKS=0 */;
/*!40014 SET @OLD_FOREIGN_KEY_CHECKS=@@FOREIGN_KEY_CHECKS, FOREIGN_KEY_CHECKS=0 */;
/*!40101 SET @OLD_SQL_MODE=@@SQL_MODE, SQL_MODE='NO_AUTO_VALUE_ON_ZERO' */;
/*!40111 SET @OLD_SQL_NOTES=@@SQL_NOTES, SQL_NOTES=0 */;

--
-- Table structure for table `bird`
--

DROP TABLE IF EXISTS `bird`;
/*!40101 SET @saved_cs_client     = @@character_set_client */;
/*!50503 SET character_set_client = utf8mb4 */;
CREATE TABLE `bird` (
  `bird_id` tinyint NOT NULL AUTO_INCREMENT,
  `name` varchar(50) COLLATE utf8mb4_general_ci DEFAULT NULL,
  `description` varchar(300) COLLATE utf8mb4_general_ci DEFAULT NULL,
  PRIMARY KEY (`bird_id`)
) ENGINE=InnoDB AUTO_INCREMENT=19 DEFAULT CHARSET=utf8mb4 COLLATE=utf8mb4_general_ci;
/*!40101 SET character_set_client = @saved_cs_client */;

--
-- Dumping data for table `bird`
--

LOCK TABLES `bird` WRITE;
/*!40000 ALTER TABLE `bird` DISABLE KEYS */;
INSERT INTO `bird` VALUES (1,'miner','광부'),(2,'banker','은행원'),(3,'clown','어릿광대'),(4,'sailor','선원'),(5,'deckhand','갑판원'),(6,'evil_king','악의수장'),(7,'cavalry','총기병'),(8,'cute_killer','귀여운 살인마'),(9,'store_owner','잡화상'),(10,'agent','요원'),(11,'oil_mogul','석유부자'),(12,'redhair','빨간머리'),(13,'scout','정찰대'),(14,'secret_society','비밀결사'),(15,'showhost','쇼호스트'),(16,'mercenary','용병'),(17,'engineer','기관사'),(18,'musketeer','삼총사');
/*!40000 ALTER TABLE `bird` ENABLE KEYS */;
UNLOCK TABLES;

--
-- Table structure for table `chat_claim`
--

DROP TABLE IF EXISTS `chat_claim`;
/*!40101 SET @saved_cs_client     = @@character_set_client */;
/*!50503 SET character_set_client = utf8mb4 */;
CREATE TABLE `chat_claim` (
  `chat_claim_id` bigint NOT NULL AUTO_INCREMENT,
  `game_log_id` bigint DEFAULT NULL,
  `is_checked` tinyint(1) DEFAULT NULL,
  `checked_dt` datetime(2) DEFAULT NULL,
  `claimed_dt` datetime(2) DEFAULT NULL,
  PRIMARY KEY (`chat_claim_id`),
  KEY `fk_chat_claim_game_log_id` (`game_log_id`),
  CONSTRAINT `fk_chat_claim_game_log_id` FOREIGN KEY (`game_log_id`) REFERENCES `game_log` (`game_log_id`) ON DELETE CASCADE ON UPDATE CASCADE
) ENGINE=InnoDB AUTO_INCREMENT=2 DEFAULT CHARSET=utf8mb4 COLLATE=utf8mb4_general_ci;
/*!40101 SET character_set_client = @saved_cs_client */;

--
-- Dumping data for table `chat_claim`
--

LOCK TABLES `chat_claim` WRITE;
/*!40000 ALTER TABLE `chat_claim` DISABLE KEYS */;
INSERT INTO `chat_claim` VALUES (1,1,0,NULL,'2024-08-15 19:33:29.00');
/*!40000 ALTER TABLE `chat_claim` ENABLE KEYS */;
UNLOCK TABLES;

--
-- Table structure for table `flyway_schema_history`
--

DROP TABLE IF EXISTS `flyway_schema_history`;
/*!40101 SET @saved_cs_client     = @@character_set_client */;
/*!50503 SET character_set_client = utf8mb4 */;
CREATE TABLE `flyway_schema_history` (
  `installed_rank` int NOT NULL,
  `version` varchar(50) DEFAULT NULL,
  `description` varchar(200) NOT NULL,
  `type` varchar(20) NOT NULL,
  `script` varchar(1000) NOT NULL,
  `checksum` int DEFAULT NULL,
  `installed_by` varchar(100) NOT NULL,
  `installed_on` timestamp NOT NULL DEFAULT CURRENT_TIMESTAMP,
  `execution_time` int NOT NULL,
  `success` tinyint(1) NOT NULL,
  PRIMARY KEY (`installed_rank`),
  KEY `flyway_schema_history_s_idx` (`success`)
) ENGINE=InnoDB DEFAULT CHARSET=utf8mb4 COLLATE=utf8mb4_0900_ai_ci;
/*!40101 SET character_set_client = @saved_cs_client */;

--
-- Dumping data for table `flyway_schema_history`
--

LOCK TABLES `flyway_schema_history` WRITE;
/*!40000 ALTER TABLE `flyway_schema_history` DISABLE KEYS */;
INSERT INTO `flyway_schema_history` VALUES (1,'1','init','SQL','V1__init.sql',-768292351,'ssafy','2024-08-15 10:29:55',2534,1),(2,'2','nickname','SQL','V2__nickname.sql',1355715383,'ssafy','2024-08-15 10:29:55',75,1),(3,'3','gameRoom status','SQL','V3__gameRoom_status.sql',925024876,'ssafy','2024-08-15 10:29:55',82,1),(4,'4','lesson graph','SQL','V4__lesson_graph.sql',891906952,'ssafy','2024-08-15 10:29:56',129,1);
/*!40000 ALTER TABLE `flyway_schema_history` ENABLE KEYS */;
UNLOCK TABLES;

--
-- Table structure for table `game_log`
--

DROP TABLE IF EXISTS `game_log`;
/*!40101 SET @saved_cs_client     = @@character_set_client */;
/*!50503 SET character_set_client = utf8mb4 */;
CREATE TABLE `game_log` (
  `game_log_id` bigint NOT NULL AUTO_INCREMENT,
  `chatting_dt` datetime(2) DEFAULT NULL,
  `quiz_id` int NOT NULL,
  `room_id` bigint NOT NULL,
  `user_id` int DEFAULT NULL,
  `chatting` varchar(300) COLLATE utf8mb4_general_ci DEFAULT NULL,
  PRIMARY KEY (`game_log_id`),
  KEY `fk_game_log_quiz_id` (`quiz_id`),
  KEY `fk_game_log_room_id` (`room_id`),
  KEY `fk_game_log_user_id` (`user_id`),
  CONSTRAINT `fk_game_log_quiz_id` FOREIGN KEY (`quiz_id`) REFERENCES `quiz` (`quiz_id`) ON DELETE CASCADE ON UPDATE CASCADE,
  CONSTRAINT `fk_game_log_room_id` FOREIGN KEY (`room_id`) REFERENCES `game_room` (`room_id`) ON DELETE CASCADE ON UPDATE CASCADE,
  CONSTRAINT `fk_game_log_user_id` FOREIGN KEY (`user_id`) REFERENCES `user` (`user_id`) ON DELETE SET NULL ON UPDATE CASCADE
) ENGINE=InnoDB AUTO_INCREMENT=2 DEFAULT CHARSET=utf8mb4 COLLATE=utf8mb4_general_ci;
/*!40101 SET character_set_client = @saved_cs_client */;

--
-- Dumping data for table `game_log`
--

LOCK TABLES `game_log` WRITE;
/*!40000 ALTER TABLE `game_log` DISABLE KEYS */;
INSERT INTO `game_log` VALUES (1,'2024-08-15 19:33:29.00',2,5,37,'응애');
/*!40000 ALTER TABLE `game_log` ENABLE KEYS */;
UNLOCK TABLES;

--
-- Table structure for table `game_room`
--

DROP TABLE IF EXISTS `game_room`;
/*!40101 SET @saved_cs_client     = @@character_set_client */;
/*!50503 SET character_set_client = utf8mb4 */;
CREATE TABLE `game_room` (
  `room_id` bigint NOT NULL AUTO_INCREMENT,
  `location_id` tinyint DEFAULT NULL,
  `start_dt` datetime(2) DEFAULT NULL,
  `end_dt` datetime(2) DEFAULT NULL,
  `topic_id` varchar(50) COLLATE utf8mb4_general_ci DEFAULT NULL,
  `status` enum('COMPLETED','IN_PROGRESS','TERMINATED','MATCHING') COLLATE utf8mb4_general_ci DEFAULT NULL,
  PRIMARY KEY (`room_id`),
  KEY `fk_game_room_location_id` (`location_id`),
  CONSTRAINT `fk_game_room_location_id` FOREIGN KEY (`location_id`) REFERENCES `location` (`location_id`) ON DELETE SET NULL ON UPDATE CASCADE
) ENGINE=InnoDB AUTO_INCREMENT=6 DEFAULT CHARSET=utf8mb4 COLLATE=utf8mb4_general_ci;
/*!40101 SET character_set_client = @saved_cs_client */;

--
-- Dumping data for table `game_room`
--

LOCK TABLES `game_room` WRITE;
/*!40000 ALTER TABLE `game_room` DISABLE KEYS */;
INSERT INTO `game_room` VALUES (1,2,'2024-08-15 19:33:29.00','2024-08-16 19:33:29.00','321r-f323-fdsf-f23v','COMPLETED'),(2,2,'2024-08-15 19:33:29.00','2024-08-16 19:33:29.00','142g-f323-fdff-f23v','COMPLETED'),(3,2,'2024-08-15 19:33:29.00','2024-08-16 19:33:29.00','vfsd-f323-1fh4-f23v','COMPLETED'),(4,2,'2024-08-15 19:33:29.00','2024-08-16 19:33:29.00','bfgf-f323-2vd4-f23v','COMPLETED'),(5,2,'2024-08-15 19:33:29.00','2024-08-16 19:33:29.00','4h6j-f323-4g7h-f23v','COMPLETED');
/*!40000 ALTER TABLE `game_room` ENABLE KEYS */;
UNLOCK TABLES;

--
-- Table structure for table `game_room_participant`
--

DROP TABLE IF EXISTS `game_room_participant`;
/*!40101 SET @saved_cs_client     = @@character_set_client */;
/*!50503 SET character_set_client = utf8mb4 */;
CREATE TABLE `game_room_participant` (
  `room_id` bigint NOT NULL,
  `user_id` int NOT NULL,
  `match_rank` tinyint DEFAULT '0',
  `correct_count` tinyint DEFAULT '0',
  `is_exited` tinyint(1) DEFAULT '0',
  `before_exp` int DEFAULT NULL,
  PRIMARY KEY (`room_id`,`user_id`),
  KEY `fk_game_room_participant_user_id` (`user_id`),
  CONSTRAINT `fk_game_room_participant_room_id` FOREIGN KEY (`room_id`) REFERENCES `game_room` (`room_id`) ON DELETE CASCADE ON UPDATE CASCADE,
  CONSTRAINT `fk_game_room_participant_user_id` FOREIGN KEY (`user_id`) REFERENCES `user` (`user_id`) ON DELETE CASCADE ON UPDATE CASCADE
) ENGINE=InnoDB DEFAULT CHARSET=utf8mb4 COLLATE=utf8mb4_general_ci;
/*!40101 SET character_set_client = @saved_cs_client */;

--
-- Dumping data for table `game_room_participant`
--

LOCK TABLES `game_room_participant` WRITE;
/*!40000 ALTER TABLE `game_room_participant` DISABLE KEYS */;
/*!40000 ALTER TABLE `game_room_participant` ENABLE KEYS */;
UNLOCK TABLES;

--
-- Table structure for table `game_room_quiz`
--

DROP TABLE IF EXISTS `game_room_quiz`;
/*!40101 SET @saved_cs_client     = @@character_set_client */;
/*!50503 SET character_set_client = utf8mb4 */;
CREATE TABLE `game_room_quiz` (
  `room_id` bigint NOT NULL,
  `quiz_id` int NOT NULL,
  `user_id` int DEFAULT NULL,
  `present_dt` datetime(2) NOT NULL,
  `correct_dt` datetime(2) DEFAULT NULL,
  `sequence` tinyint DEFAULT NULL,
  PRIMARY KEY (`room_id`,`quiz_id`),
  KEY `fk_game_room_quiz_quiz_id` (`quiz_id`),
  KEY `fk_game_room_quiz_user_id` (`user_id`),
  CONSTRAINT `fk_game_room_quiz_quiz_id` FOREIGN KEY (`quiz_id`) REFERENCES `quiz` (`quiz_id`) ON DELETE CASCADE ON UPDATE CASCADE,
  CONSTRAINT `fk_game_room_quiz_room_id` FOREIGN KEY (`room_id`) REFERENCES `game_room` (`room_id`) ON DELETE CASCADE ON UPDATE CASCADE,
  CONSTRAINT `fk_game_room_quiz_user_id` FOREIGN KEY (`user_id`) REFERENCES `user` (`user_id`) ON DELETE CASCADE ON UPDATE CASCADE
) ENGINE=InnoDB DEFAULT CHARSET=utf8mb4 COLLATE=utf8mb4_general_ci;
/*!40101 SET character_set_client = @saved_cs_client */;

--
-- Dumping data for table `game_room_quiz`
--

LOCK TABLES `game_room_quiz` WRITE;
/*!40000 ALTER TABLE `game_room_quiz` DISABLE KEYS */;
/*!40000 ALTER TABLE `game_room_quiz` ENABLE KEYS */;
UNLOCK TABLES;

--
-- Table structure for table `game_tip`
--

DROP TABLE IF EXISTS `game_tip`;
/*!40101 SET @saved_cs_client     = @@character_set_client */;
/*!50503 SET character_set_client = utf8mb4 */;
CREATE TABLE `game_tip` (
  `tip_id` int NOT NULL AUTO_INCREMENT,
  `content` varchar(256) COLLATE utf8mb4_general_ci DEFAULT NULL,
  PRIMARY KEY (`tip_id`)
) ENGINE=InnoDB AUTO_INCREMENT=8 DEFAULT CHARSET=utf8mb4 COLLATE=utf8mb4_general_ci;
/*!40101 SET character_set_client = @saved_cs_client */;

--
-- Dumping data for table `game_tip`
--

LOCK TABLES `game_tip` WRITE;
/*!40000 ALTER TABLE `game_tip` DISABLE KEYS */;
INSERT INTO `game_tip` VALUES (1,'타자가 빠르면 유리합니다.'),(2,'손가락의 유연성을 높이기 위한 운동을 하세요.'),(3,'화면을 주의 깊게 살펴보며 빠르게 대응하세요.'),(4,'손가락을 워밍업하고 시작하세요.'),(5,'빠른 판단력이 중요합니다.'),(6,'경상도 사투리는 예, 아니오로 대답하는 질문에는 \'~나\' 를 쓰고 이외의 질문에는 \'~노\'를 씁니다.'),(7,'경상도 사투리는 감탄문에서 의문사를 생략하고 \'~노\'를 사용하기도 합니다.');
/*!40000 ALTER TABLE `game_tip` ENABLE KEYS */;
UNLOCK TABLES;

--
-- Table structure for table `lesson`
--

DROP TABLE IF EXISTS `lesson`;
/*!40101 SET @saved_cs_client     = @@character_set_client */;
/*!50503 SET character_set_client = utf8mb4 */;
CREATE TABLE `lesson` (
  `lesson_id` int NOT NULL AUTO_INCREMENT,
  `lesson_group_id` int DEFAULT NULL,
  `sample_voice_name` varchar(512) COLLATE utf8mb4_general_ci DEFAULT NULL,
  `sample_voice_path` varchar(512) COLLATE utf8mb4_general_ci DEFAULT NULL,
  `script` varchar(100) COLLATE utf8mb4_general_ci DEFAULT NULL,
  `graph_x` text COLLATE utf8mb4_general_ci,
  `graph_y` text COLLATE utf8mb4_general_ci,
  `last_update_dt` datetime(2) DEFAULT NULL,
  `is_deleted` tinyint(1) DEFAULT NULL,
  PRIMARY KEY (`lesson_id`),
  KEY `fk_lesson_lesson_group_id` (`lesson_group_id`),
  CONSTRAINT `fk_lesson_lesson_group_id` FOREIGN KEY (`lesson_group_id`) REFERENCES `lesson_group` (`lesson_group_id`) ON DELETE SET NULL ON UPDATE CASCADE
) ENGINE=InnoDB AUTO_INCREMENT=101 DEFAULT CHARSET=utf8mb4 COLLATE=utf8mb4_general_ci;
/*!40101 SET character_set_client = @saved_cs_client */;

--
-- Dumping data for table `lesson`
--

LOCK TABLES `lesson` WRITE;
/*!40000 ALTER TABLE `lesson` DISABLE KEYS */;
INSERT INTO `lesson` VALUES (1,1,'경상도_드라마_1_1994_가시나운동하나도안했네','no path','가시나 운동 하나도 안했네',NULL,'[187.6, 191.42, 185.95, 141.85, 2011.25, 2082.6, 2052.58, 2036.47, 2019.33, 2021.25, 1953.56, 1797.63, 1913.06, 1898.22, 1811.06, 1772.48, 1831.85, 1700.01, 1526.47, 1625.57, 1639.61, 2007.61, 2943.86, 3111.52, 3344.38, 3887.84, 3897.08, 3889.09, 3880.11, 3946.97, 3111.87, 3108.3, 3627.0, 3022.72, 1283.74, 1327.97, 1337.02, 1312.16, 1239.5, 904.38, 1507.97, 1508.28, 1529.43, 1526.67, 1520.24, 1617.37, 2759.44, 1613.91, 3485.44, 3483.29, 3490.61, 3421.32, 3429.97, 3562.13, 3566.71, 145.62, 264.47, 270.01, 430.47, 434.27, 1442.74, 283.98, 143.26, 800.63, 780.39, 960.99, 227.57, 214.25, 492.49, 262.83, 187.88, 188.22, 189.52, 189.63, 192.29, 197.08, 212.97, 216.05, 213.15, 214.03, 220.96, 212.73, 304.47, 489.27, 476.61, 479.05, 481.3, 481.65, 800.04, 790.42, 153.93, 150.11, 147.26, 894.43, 881.41, 977.99, 970.79, 1236.69, 2456.52, 2469.3, 2473.71, 2473.83, 2481.4, 1267.46, 1245.85, 233.28, 244.16, 269.41, 281.54, 285.82, 287.52, 291.23, 312.62, 319.74, 323.28, 985.4, 997.06, 1006.51, 331.63, 321.36, 316.89, 668.86, 662.57, 668.58, 305.41, 288.46, 814.58, 808.17, 956.06, 950.93, 996.35, 761.65, 803.01, 804.95, 888.33, 746.28, 1349.92, 492.45, 485.66, 494.7, 502.66, 489.55, 192.03, 198.13, 216.38, 227.09, 235.48, 370.73, 376.6, 383.88, 381.24, 377.94, 366.37, 230.02, 232.84, 444.71, 438.2, 430.16, 1575.65, 1548.78, 1549.99, 1559.13, 1570.05, 1548.61, 1544.48, 1525.15, 1444.96, 1438.25, 1248.18, 1244.78, 1250.35, 1166.54, 1188.84]','2024-08-15 19:33:29.00',0),(2,1,'경상도_드라마_2_1994_그거내만안되는거아니거든','no path','그거 내만 안되는거 아니거든',NULL,'[187.4, 2665.85, 207.2, 203.68, 213.95, 170.2, 179.34, 279.05, 252.97, 238.0, 246.68, 232.38, 272.65, 271.38, 270.02, 271.94, 279.25, 280.64, 276.86, 790.72, 776.46, 241.84, 233.93, 230.75, 228.4, 226.93, 225.08, 222.24, 223.64, 231.35, 237.69, 240.95, 246.06, 262.22, 282.06, 292.75, 287.64, 1012.71, 1026.93, 1371.12, 1339.15, 1308.06, 1171.85, 1307.49, 1188.64, 1178.38, 1319.89, 1306.23, 1280.2, 1037.11, 1247.0, 197.88, 212.02, 216.28, 217.06, 215.02, 214.57, 1679.39, 1703.99, 1743.1, 1764.45, 1768.47, 596.99, 590.13, 316.92, 350.0, 364.96, 1515.86, 775.36, 775.14, 771.05, 760.8, 755.18, 737.24, 711.19, 704.52, 869.31, 832.79, 801.05, 781.48, 1187.65, 1182.73, 1179.32, 870.96, 849.77, 838.82, 843.96, 1681.71, 1686.62, 1769.03, 459.52, 475.86, 487.98, 500.74, 488.31, 469.93, 483.44, 677.33, 695.91, 708.03, 723.07, 738.61, 758.92, 757.31, 758.28, 758.34, 755.57, 745.47, 731.69, 721.91, 710.54, 699.74, 1356.34, 1330.07, 1317.28, 1310.28, 1300.17, 1292.0, 1282.5, 1278.25, 1281.17, 1283.66, 1287.46, 1293.31, 1297.96, 1309.61, 1322.8, 1336.87, 1301.35, 1314.25, 326.12, 325.73, 336.41, 324.71, 330.63, 331.04, 218.62, 222.99, 212.61, 219.69, 168.14, 154.69, 148.07, 164.54]','2024-08-15 19:33:29.00',0),(3,1,'경상도_드라마_3_1994_그거하나몬해주나','no path','그거 하나 몬해주나',NULL,'[179.14, 178.21, 239.57, 153.13, 149.33, 188.67, 176.91, 176.44, 155.1, 147.71, 226.54, 2346.15, 278.14, 179.78, 169.23, 168.69, 1207.25, 1166.56, 1173.3, 1132.59, 1475.61, 1251.35, 238.61, 232.51, 230.95, 230.46, 225.87, 220.14, 221.65, 244.3, 274.37, 868.56, 880.28, 892.65, 909.3, 932.97, 968.08, 998.66, 1032.61, 1054.08, 1074.59, 1097.2, 360.6, 361.29, 359.09, 353.5, 344.09, 322.62, 286.45, 261.68, 240.7, 224.22, 215.64, 205.95, 197.73, 194.65, 193.16, 190.53, 381.8, 373.96, 373.76, 190.64, 193.57, 194.29, 196.93, 198.6, 200.83, 206.36, 209.29, 210.08, 213.16, 215.13, 215.67, 214.36, 203.23, 192.75, 3757.42, 3750.28, 3727.72, 3959.46, 234.59, 218.54, 215.76, 214.65, 212.64, 208.6, 201.13, 196.03, 193.28, 189.31, 725.19, 711.12, 875.9, 1034.76, 852.99, 836.53, 817.59, 798.67, 776.79, 753.96, 1170.18, 812.59, 810.0, 252.87, 204.0, 1118.08, 202.3, 230.92, 239.25, 223.08, 236.46, 237.57, 232.33, 3550.98, 3678.2, 3680.06, 3691.95, 3512.9, 3388.97, 3393.57, 3462.14, 183.83, 189.39, 190.29, 212.66, 195.99, 255.77, 195.24, 277.71, 143.59, 143.43, 141.94, 260.44, 191.66, 271.78, 169.99]','2024-08-15 19:33:29.00',0),(4,1,'경상도_드라마_4_1994_그런거아이다','no path','그런거 아이다',NULL,'[210.36, 233.15, 1190.43, 1224.33, 1228.54, 315.48, 280.98, 274.51, 295.31, 317.37, 329.79, 336.58, 347.91, 365.77, 363.75, 361.41, 351.61, 336.34, 278.03, 256.15, 358.55, 284.83, 896.02, 905.4, 1125.12, 888.79, 858.96, 855.15, 1360.21, 1532.35, 1506.63, 1533.8, 294.98, 332.23, 241.27, 261.35, 280.46, 292.7, 292.91, 277.11, 305.17, 406.46, 375.35, 362.89, 528.96, 532.72, 534.73, 282.22, 1160.67, 856.29, 877.23, 862.46, 1122.26, 1118.92, 578.82, 1055.72, 1153.32, 1123.34, 1119.76, 1103.34, 1104.28, 1089.09, 1077.62, 1081.59, 1084.99, 1165.99, 262.26, 257.71, 255.66, 255.46, 258.11, 269.56, 196.21, 195.43, 198.24, 196.97, 192.81, 200.53, 200.04, 192.81]','2024-08-15 19:33:29.00',0),(5,1,'경상도_드라마_5_1994_난당신이싫습니다','no path','난 당신이 싫습니다',NULL,'[281.67, 232.25, 260.7, 196.44, 212.04, 146.48, 194.19, 186.15, 266.9, 271.35, 284.82, 281.21, 290.87, 1076.95, 1092.58, 1114.94, 1123.04, 1121.05, 1097.33, 295.35, 280.82, 277.06, 266.16, 250.44, 226.53, 194.85, 142.71, 155.39, 144.64, 143.35, 147.69, 150.58, 153.27, 158.62, 158.66, 157.02, 153.8, 150.05, 144.02, 3548.16, 3540.52, 141.47, 152.22, 164.82, 340.44, 324.51, 299.5, 283.08, 269.91, 255.5, 245.62, 241.75, 231.31, 2599.54, 2734.74, 2561.33, 2578.86, 2587.06, 149.13, 153.56, 334.04, 339.03, 337.89, 156.2, 149.97, 3954.78, 3955.87, 3963.19, 3659.8, 3894.21, 3880.81, 355.93, 355.54, 360.01, 354.84, 340.87, 321.58, 295.2, 275.71, 264.35, 379.01, 219.51, 209.89, 199.04, 219.14, 389.28, 388.29, 1190.04, 1146.98, 1117.6, 1081.65, 1060.44, 1051.37, 1065.53, 1093.49, 1116.61, 1142.67, 1123.5, 1103.28, 146.35, 152.34, 186.04, 193.09, 254.35, 168.65, 152.21, 149.79, 163.83, 232.66, 238.94, 239.84, 232.89, 154.23, 147.76, 222.16]','2024-08-15 19:33:29.00',0),(6,2,'경상도_드라마_6_1994_난당신이좋습니다','no path','난 당신이 좋습니다',NULL,'[1636.45, 144.85, 1570.67, 1575.58, 1743.78, 673.39, 216.54, 220.34, 1716.69, 855.13, 857.6, 839.2, 336.84, 339.87, 347.77, 366.71, 1143.72, 403.79, 405.83, 395.55, 379.93, 361.08, 340.98, 315.18, 297.49, 281.09, 266.58, 255.81, 241.17, 334.62, 157.06, 168.16, 1080.73, 360.63, 359.81, 366.95, 371.33, 370.27, 373.65, 371.28, 364.06, 178.93, 183.44, 186.73, 379.41, 385.66, 387.82, 381.2, 364.4, 337.99, 311.72, 297.4, 280.86, 264.63, 244.76, 207.38, 237.7, 145.52, 3257.59, 358.14, 338.8, 324.97, 413.78, 408.26, 400.71, 387.07, 365.59, 3207.93, 3185.89, 3148.4, 3152.7, 3163.53, 3162.94, 3143.13, 3055.16, 144.43, 262.4, 264.8, 266.83, 269.61, 274.71, 276.86, 280.26, 283.72, 282.01, 278.33, 275.52, 269.0, 241.43, 225.12, 228.0, 348.53, 1209.65, 1121.45, 1080.7, 1060.45, 1051.38, 1030.81, 1021.5, 1022.27, 1016.9, 1016.44, 1015.01, 897.31, 1022.72, 1009.31, 1011.88, 1749.57, 1764.32, 1748.18, 1862.36, 1851.76, 1768.56, 166.94, 213.2]','2024-08-15 19:33:29.00',0),(7,2,'경상도_드라마_7_1994_니같은금수한테뮤지컬이웬말이고','no path','니같은 금수한테 뮤지컬이 웬말이고',NULL,'[349.28, 347.0, 345.16, 345.4, 346.04, 344.32, 344.87, 349.12, 356.13, 362.86, 369.28, 385.55, 1626.36, 1669.98, 1514.31, 1538.13, 1573.12, 1586.19, 1578.69, 362.6, 151.53, 2312.61, 1906.4, 1849.3, 1844.53, 244.54, 253.37, 247.82, 237.15, 225.71, 216.75, 196.58, 189.59, 1224.94, 1207.46, 1201.99, 1394.84, 1398.6, 148.49, 194.43, 195.07, 188.04, 181.9, 356.84, 351.91, 347.47, 340.59, 166.34, 165.32, 3464.94, 1674.3, 1673.62, 1622.7, 1653.0, 244.87, 231.98, 218.92, 220.95, 220.96, 220.89, 219.16, 220.28, 216.5, 212.83, 210.0, 200.04, 198.3, 161.16, 2134.39, 1932.61, 2106.61, 2087.48, 201.37, 197.87, 193.04, 188.64, 177.64, 173.07, 170.42, 168.48, 169.47, 167.81, 165.13, 161.22, 158.28, 153.17, 152.43, 3656.75, 3943.94, 3954.31, 3960.44, 2761.38, 2734.69, 2710.59, 388.41, 386.74, 245.52, 1165.35, 1275.66, 1466.61, 1466.36, 1617.49, 1419.46, 256.61, 246.58, 238.39, 217.04, 214.99, 212.31, 208.72, 388.68, 376.66, 354.8, 337.4, 322.26, 155.02, 155.26, 156.88, 155.48, 160.67, 163.5, 160.67, 158.91, 159.31, 159.32, 157.12, 156.13, 154.36, 154.95, 153.78, 153.85, 154.04, 160.18, 162.13, 164.52, 343.91, 352.95, 913.99, 931.94, 191.13, 191.78, 209.6, 224.38, 213.56, 212.11, 210.8, 209.16, 203.32, 273.63, 829.16, 810.5, 1147.52, 193.77, 207.3, 189.16, 327.52, 320.19, 305.85, 942.82, 155.9, 151.59, 148.29, 242.98, 162.4, 164.73, 182.72, 184.34, 3759.62, 3749.27, 3724.69, 176.73]','2024-08-15 19:33:29.00',0),(8,2,'경상도_드라마_8_1994_니하고아무상관없다','no path','니하고 아무 상관없다',NULL,'[283.73, 365.14, 2455.72, 334.29, 326.02, 309.09, 317.86, 330.95, 336.82, 358.2, 531.59, 544.59, 551.8, 280.51, 293.35, 1069.23, 319.58, 314.94, 309.07, 454.72, 452.39, 275.95, 257.19, 873.5, 861.32, 877.1, 891.14, 972.19, 968.41, 967.8, 963.32, 979.52, 903.58, 875.46, 2197.55, 241.77, 261.95, 190.24, 202.78, 214.72, 229.89, 238.12, 239.66, 3512.55, 3510.49, 3579.55, 1538.45, 186.9, 187.83, 188.6, 190.34, 192.78, 195.84, 196.47, 197.06, 197.24, 198.1, 198.58, 199.51, 200.61, 197.58, 190.24, 318.39, 279.4, 254.63, 236.54, 873.63, 252.81, 233.35, 238.19, 276.89, 289.54, 290.43, 215.68, 2964.84, 3063.29, 3119.07, 3122.6, 1563.83, 1554.37, 1374.26, 312.72, 383.75, 407.89, 521.84, 519.76, 581.57, 278.15, 272.1, 261.11, 843.02, 838.79, 848.06, 859.17, 820.14, 908.16, 1065.07, 1677.53, 1125.06, 1117.76, 1110.01, 1082.21, 1080.25, 1080.76, 1075.5, 1085.66, 1108.35, 1107.84, 1135.39, 1124.35, 1117.54, 1140.9, 1157.8]','2024-08-15 19:33:29.00',0),(9,2,'경상도_드라마_9_1994_떡볶이나쳐묵자','no path','떡볶이나 쳐먹자',NULL,'[211.27, 210.89, 208.38, 215.84, 147.16, 257.31, 278.88, 273.83, 235.52, 270.76, 933.81, 938.37, 943.76, 943.66, 230.77, 237.57, 236.95, 247.49, 252.9, 240.8, 221.18, 204.58, 194.45, 186.87, 366.75, 358.64, 349.38, 345.04, 168.73, 166.86, 236.17, 263.22, 281.62, 273.33, 276.3, 274.0, 2896.96, 2901.25, 1887.96, 2752.2, 1009.86, 142.8, 208.11, 188.52, 355.47, 353.12, 354.31, 356.43, 360.25, 366.41, 195.11, 194.85, 198.81, 198.82, 283.55, 251.78, 244.0, 233.71, 235.13, 234.28, 143.49, 245.11, 1885.98, 1869.75, 1856.92, 235.8, 160.83, 148.04, 432.4, 182.28, 185.94, 341.61, 335.28, 1616.57, 1641.73, 1648.15, 182.07]','2024-08-15 19:33:29.00',0),(10,2,'경상도_드라마_10_올라온나올라온나','no path','올라온나 올라온나',NULL,'[525.44, 525.67, 536.18, 544.11, 541.87, 538.96, 559.44, 560.16, 557.56, 545.45, 537.91, 540.67, 536.79, 782.84, 778.55, 782.89, 1047.39, 539.15, 545.76, 556.71, 561.62, 562.16, 557.51, 554.93, 288.49, 287.97, 285.26, 283.85, 269.42, 260.97, 264.65, 768.01, 754.62, 742.53, 725.17, 679.48, 682.46, 680.5, 672.0, 670.26, 674.52, 536.73, 544.3, 548.38, 550.21, 558.26, 1176.86, 1176.64, 1172.6, 1166.28, 1150.11, 1134.68, 1126.8, 1120.37, 1116.73, 1119.2, 1122.73, 1127.85, 1151.21, 574.0, 565.54, 558.84, 557.94, 284.71, 290.45, 291.72, 288.07, 285.16, 282.97, 565.29, 549.2, 1301.58, 1293.61, 1296.74, 1451.55, 1449.87, 1453.92, 1459.44, 1452.44, 1455.79, 260.88]','2024-08-15 19:33:29.00',0),(11,3,'경상도_드라마_11_1994_병문안안가봐도되나','no path','병문안 안가봐도 되나',NULL,'[943.32, 1445.67, 1609.83, 1613.5, 1622.6, 1619.79, 193.67, 187.38, 183.67, 177.84, 178.68, 179.24, 179.29, 181.05, 185.39, 190.3, 194.5, 202.67, 213.74, 229.98, 241.0, 243.69, 252.54, 259.09, 262.62, 261.8, 257.82, 246.11, 223.25, 200.6, 190.91, 175.12, 967.87, 950.12, 938.73, 932.98, 942.85, 154.53, 153.86, 156.07, 156.45, 156.68, 154.61, 164.46, 176.87, 182.38, 184.67, 382.78, 396.19, 200.4, 204.38, 218.03, 238.23, 235.7, 681.17, 679.81, 673.74, 222.41, 208.91, 198.16, 190.88, 3498.72, 3709.33, 3785.41, 3772.83, 3772.55, 3771.83, 3387.93, 3524.32, 3518.41, 1919.79, 1917.3, 224.3, 216.27, 221.67, 235.95, 239.44, 244.92, 246.2, 243.12, 238.73, 223.12, 207.97, 192.43, 179.73, 166.35, 969.21, 951.77, 942.8, 947.56, 955.0, 955.25, 162.23, 171.08, 1034.88, 1265.93, 190.47, 941.6, 934.7, 3728.12, 3728.0, 3713.79, 3699.27, 228.51, 255.16, 215.85, 217.68, 218.53, 218.03, 214.93, 207.28, 150.64]','2024-08-15 19:33:29.00',0),(12,3,'경상도_드라마_12_1994_야 밥은 내가 주는데 왜 오빠한테 고맙다카는데, 내 서운타이','no path','야 밥은 내가 주는데 와 오빠한테 고맙다 카는데 내 서운타이',NULL,'[229.93, 2218.15, 2203.55, 2111.26, 2242.91, 254.7, 229.51, 228.85, 221.55, 217.56, 217.19, 215.5, 214.31, 212.77, 211.35, 211.96, 210.57, 627.53, 619.2, 411.29, 408.05, 605.91, 599.74, 396.59, 779.98, 775.55, 770.07, 573.25, 566.92, 370.41, 363.59, 360.17, 355.47, 350.9, 348.54, 345.3, 336.27, 840.32, 329.14, 328.47, 326.27, 324.23, 325.85, 169.18, 181.07, 182.13, 179.33, 177.65, 171.49, 170.89, 176.22, 3797.18, 3653.52, 3667.51, 3799.37, 3811.16, 3233.76, 3204.21, 2001.61, 3263.58, 3197.71, 3208.81, 240.15, 239.15, 237.9, 241.86, 252.02, 257.21, 254.92, 251.91, 258.18, 264.82, 269.75, 274.13, 277.24, 278.6, 275.69, 260.86, 243.55, 240.34, 233.01, 223.29, 215.24, 200.13, 410.61, 409.24, 405.92, 404.79, 402.8, 399.37, 395.22, 374.58, 417.9, 213.69, 218.12, 225.83, 229.67, 229.62, 230.87, 232.59, 229.12, 227.42, 237.95, 3784.67, 3766.5, 228.01, 284.48, 274.41, 273.23, 273.03, 273.63, 273.43, 270.18, 263.95, 259.76, 256.08, 249.14, 234.41, 221.88, 225.11, 226.66, 220.34, 408.25, 395.91, 377.19, 370.93, 369.44, 361.93, 357.68, 354.94, 351.98, 350.95, 351.37, 352.51, 355.48, 361.29, 545.22, 546.71, 546.4, 542.5, 543.29, 546.64, 543.83, 540.82, 554.45, 560.85, 284.15, 478.39, 485.39, 484.86, 484.93, 446.28, 471.43, 231.95, 229.84, 241.02, 236.74, 255.13, 283.57, 269.52, 262.8, 261.6, 233.8, 277.17, 289.52, 253.27, 261.98, 259.79, 260.51, 260.8, 259.53, 259.33, 260.09, 259.84, 255.59, 241.47, 240.65, 254.99, 274.54, 775.33, 774.89, 233.78, 238.82, 305.62, 303.0, 556.47, 549.77, 542.68, 539.1, 550.15, 548.22, 545.57, 542.66, 3938.38, 262.45, 262.32, 250.11, 268.38, 272.94, 267.02, 261.71, 257.12, 254.29, 256.38, 255.66, 253.01, 251.05, 247.38, 240.78, 234.53, 227.96, 221.3, 217.25, 208.45, 381.55, 377.12, 386.52, 378.19, 560.28, 364.6, 360.34, 360.17, 357.52, 355.09, 353.41, 351.52, 350.97, 351.07, 351.01, 351.74, 356.52, 367.99, 378.66, 209.06, 214.13, 218.55, 223.78, 228.12, 231.29, 234.4, 231.83, 229.9, 230.1, 237.17, 240.52, 1759.4, 1552.98, 414.7, 397.47, 218.49, 232.96, 394.43, 397.78, 397.76, 389.56, 3984.42, 3952.03, 3936.3, 3894.61, 3847.04, 3960.94, 3947.55, 3050.28, 250.39, 233.12, 225.82, 220.77, 221.62, 223.11, 226.29, 231.85, 236.26, 243.16, 253.96, 260.34, 263.56, 269.98, 275.5, 272.99, 273.59, 288.1, 281.77, 279.34, 3548.61, 3409.85, 3317.09, 1012.41, 993.32, 974.83, 938.52, 910.04, 882.59, 850.01, 833.85, 821.18, 814.87, 1216.12, 1212.64, 1202.02, 1192.36, 1187.13, 788.51, 785.44, 782.56, 779.58, 776.94, 778.53, 787.06, 794.27, 802.54, 825.09, 840.11, 865.37, 1555.96, 684.63, 700.62, 2879.57, 2909.83, 2910.38, 2211.34, 2210.62, 2416.04, 2420.45, 2866.0, 280.65, 273.95, 230.38, 211.4, 166.14, 230.52, 214.58, 205.19, 197.88, 196.69, 193.12, 191.2, 195.48, 159.55, 2577.64, 1939.67, 1944.38, 1935.81, 2630.97, 1949.73, 1947.46, 1942.15, 2512.9, 2555.9, 2630.32, 163.21, 153.32, 2583.52, 2577.27, 1960.67, 2108.58, 2100.84, 2060.86, 173.05, 227.85, 180.97, 302.06, 231.42, 238.21, 231.71, 223.85, 214.25, 196.94, 211.2, 222.09, 227.63, 225.33, 220.84, 216.04, 2183.65, 2218.97, 2115.87, 2133.42, 214.68, 211.69, 206.56, 201.53, 193.89, 188.08, 182.92, 185.87, 189.26, 205.1, 202.47, 193.26, 205.94, 227.63, 189.5, 202.94, 177.41, 161.06]','2024-08-15 19:33:29.00',0),(13,3,'경상도_드라마_13_1994_어이 꼬매이, 니는 그 학교나 제대로 나오고 그런 소리 해라이 닌 오늘도 학교 안나오면 닌 내 손에 죽는다이, 섀끼 어디 삐리하구로','no path','어이 꼬매이 니는 거 학교나 제대로 나오고 그런 소리 해라잉 닌 오늘도 학교 안나오면 내손에 죽는다이 새끼 어데 삐대하구로',NULL,'[337.55, 332.04, 274.14, 264.59, 276.85, 326.91, 343.08, 331.01, 328.22, 352.65, 322.75, 336.52, 380.09, 362.25, 329.32, 347.89, 272.17, 280.88, 282.1, 287.03, 266.91, 257.72, 251.1, 249.38, 243.33, 231.83, 230.29, 235.1, 235.41, 341.28, 345.01, 346.33, 334.68, 230.66, 231.65, 443.03, 774.06, 494.95, 489.31, 484.09, 481.91, 476.36, 465.06, 232.01, 237.19, 245.99, 251.91, 258.34, 267.02, 263.1, 263.73, 269.21, 266.05, 263.24, 263.62, 261.03, 258.03, 256.36, 488.51, 487.18, 1698.63, 1702.51, 1763.67, 1780.18, 1707.01, 1708.65, 1708.59, 1804.14, 1802.89, 1691.97, 1706.07, 1716.38, 1715.54, 1705.07, 1626.36, 1713.86, 1721.83, 204.72, 277.47, 224.96, 238.83, 226.26, 255.5, 262.72, 271.84, 298.92, 303.25, 302.11, 329.58, 322.86, 338.32, 334.19, 338.38, 337.23, 344.7, 348.07, 479.23, 478.67, 156.13, 152.4, 280.28, 259.12, 255.06, 256.11, 241.52, 248.79, 395.55, 397.83, 257.02, 253.89, 253.34, 256.2, 500.3, 503.57, 2396.28, 2387.12, 2372.98, 2359.56, 2363.88, 2368.12, 2276.67, 2224.88, 1341.38, 1352.29, 1313.55, 1307.95, 1293.03, 1383.24, 1384.81, 1337.05, 1545.81, 1562.22, 1568.33, 496.56, 488.12, 479.13, 472.16, 468.02, 456.93, 450.88, 648.91, 628.05, 582.9, 569.82, 671.54, 578.05, 641.53, 635.65, 236.48, 586.79, 603.72, 613.85, 1402.48, 1418.4, 1425.83, 1421.31, 256.58, 261.11, 266.54, 269.15, 268.47, 1289.46, 1290.64, 294.26, 295.62, 293.04, 285.81, 2333.76, 274.55, 259.26, 258.76, 257.68, 251.64, 478.08, 566.36, 666.44, 661.07, 559.19, 682.97, 690.12, 1029.36, 657.7, 550.55, 572.48, 643.39, 486.53, 497.3, 535.95, 510.62, 345.92, 350.04, 360.97, 699.87, 509.39, 266.54, 263.68, 263.28, 260.49, 254.34, 248.13, 261.2, 271.09, 270.26, 271.36, 274.16, 267.41, 265.45, 265.69, 261.54, 258.45, 256.87, 254.08, 245.53, 234.14, 248.55, 252.17, 265.51, 371.33, 1341.22, 1361.0, 1355.07, 1524.01, 1521.55, 1522.18, 1520.51, 1600.77, 1594.66, 1572.09, 1669.7, 523.3, 1569.16, 1285.52, 1287.68, 1311.16, 1315.15, 1285.01, 671.59, 669.39, 661.05, 1290.65, 1287.8, 637.83, 637.29, 702.38, 697.01, 682.65, 672.48, 673.7, 669.72, 1543.47, 1552.71, 1548.81, 1633.4, 1555.37, 1558.1, 1679.73, 1680.66, 1685.4, 1721.62, 1654.7, 1646.05, 1651.28, 1661.5, 1680.71, 252.25, 155.35, 215.36, 211.58, 210.37, 217.13, 239.47, 247.93, 257.68, 266.89, 276.49, 288.81, 308.85, 296.64, 303.37, 455.23, 445.49, 435.36, 426.82, 439.24, 465.0, 471.13, 376.95, 380.18, 393.75, 409.94, 416.9, 419.37, 424.54, 431.49, 440.7, 449.22, 462.69, 468.19, 465.59, 460.47, 454.29, 447.9, 440.79, 431.18, 425.69, 416.8, 403.34, 384.14, 446.54, 432.55, 377.76, 352.75, 394.25, 1094.51, 1094.57, 1096.67, 1099.8, 1079.65, 1060.52, 1123.38, 1107.01, 1197.21, 1210.58, 1213.69, 1216.79, 491.93, 1217.45, 1212.57, 1554.26, 1566.6, 1597.14, 1606.96, 1623.29, 540.96, 532.87, 641.28, 628.68, 608.26, 588.29, 564.13, 564.77, 604.68, 952.85, 268.38, 269.22, 271.55, 271.95, 1007.18, 583.41, 580.7, 584.99, 585.0, 580.98, 430.81, 425.08, 422.33, 274.59, 264.78, 258.79, 258.77, 259.23, 258.57, 258.84, 261.67, 264.33, 268.69, 274.59, 278.82, 278.03, 261.81, 258.91, 256.1, 252.02, 220.62, 219.37, 258.36, 422.61, 426.48, 427.85, 428.05, 427.17, 428.96, 440.55, 449.26, 209.3, 2342.07, 2358.86, 2252.54, 2340.52, 2366.04, 2389.27, 2330.21, 2341.19, 2467.24, 2478.36, 258.63, 2930.42, 2924.95, 2911.78, 155.82, 261.01, 240.62, 239.99, 237.75, 236.75, 240.24, 248.15, 262.07, 274.59, 259.35, 252.9, 153.46, 171.27, 176.18, 187.54, 380.16, 373.87, 375.05, 376.42, 376.94, 365.73, 523.77, 520.06, 632.39, 612.62, 566.52, 658.34, 622.3, 602.35, 646.54, 650.55, 636.6, 611.05, 1367.83, 658.61, 656.69, 644.42, 1413.7, 1481.76, 1552.26, 1559.21, 1559.67, 1551.49, 1560.72, 1586.64, 1601.32, 1629.07, 1619.1, 1613.89, 1610.07, 1566.62, 1480.03, 1448.19, 3211.9, 3198.72, 3252.37, 3226.63, 3203.82, 3198.87, 3142.81, 3135.06, 3252.88, 3246.22, 3383.13, 2421.51, 2415.63, 2411.78, 1626.31, 1620.86, 1564.02, 184.31, 207.06, 232.34, 230.77, 230.74, 240.03, 234.23, 237.53, 2225.48, 2398.92, 2374.9, 3436.65, 189.48, 204.65, 208.13, 197.31, 286.98, 378.91, 297.27, 291.77, 284.28, 260.34, 263.76, 259.9, 270.51, 257.48, 252.5, 239.07, 234.12, 340.1, 349.38, 353.56, 352.28, 344.19, 343.94, 348.4, 352.75, 350.3, 345.52, 1631.5, 156.84, 295.77, 263.18, 254.53, 269.23, 264.81, 259.65, 254.14, 344.9, 154.92, 445.99, 444.32, 439.66, 428.67, 428.13, 427.88, 425.63, 424.08, 420.34, 416.96, 418.78, 429.1, 428.19, 293.17, 304.07, 296.54, 272.89, 239.23, 294.81, 322.81, 429.92, 424.01, 416.01, 411.82, 268.13, 267.64, 265.68, 264.14, 259.51, 261.53, 265.01, 262.65, 263.29, 273.74, 261.62, 258.97, 276.54, 2821.54, 2788.69, 2781.06, 2855.55, 2847.93, 2894.0, 2881.7, 2880.01, 2902.85, 2879.59, 2874.59, 2880.98, 2886.12, 2883.55, 2875.17, 2902.57, 2912.28, 2914.38, 2884.21, 1992.23, 1993.85, 3187.76, 3078.11, 3038.81, 3212.25, 2982.46, 3003.09, 3013.93, 3024.14, 3236.03, 3211.76, 3021.91, 3031.5, 3065.3, 3122.48, 3122.47, 3016.43, 2991.09, 763.89, 732.27, 666.41, 656.91, 661.89, 1921.36, 2091.36, 2204.66, 2130.11, 2142.89, 2193.05, 1795.14, 1893.82, 2100.36, 1734.17, 1846.82, 1835.61]','2024-08-15 19:33:29.00',0),(14,3,'경상도_드라마_14_1994_여기짜장면억수로맛있는데','no path','여기 짜장면 억수로 맛있는데',NULL,'[184.21, 194.59, 197.58, 193.23, 189.49, 168.78, 147.12, 247.62, 211.56, 217.06, 238.34, 250.97, 260.85, 395.65, 403.17, 271.17, 262.6, 259.79, 257.19, 251.93, 251.59, 251.55, 260.71, 281.92, 279.39, 279.2, 259.47, 261.23, 259.67, 388.01, 383.95, 370.65, 1463.52, 1462.97, 228.33, 251.65, 567.52, 581.47, 582.25, 582.43, 583.67, 588.04, 281.97, 280.29, 276.49, 268.7, 264.16, 262.31, 260.5, 258.75, 260.48, 262.95, 261.37, 255.29, 245.69, 280.34, 3848.02, 3825.62, 3812.46, 3806.38, 3833.06, 3946.58, 1600.17, 1598.23, 263.78, 271.85, 268.96, 260.29, 257.53, 281.19, 274.52, 257.35, 250.1, 241.24, 219.14, 792.83, 834.67, 262.29, 643.39, 1865.13, 3993.17, 3882.69, 3882.09, 3786.47, 3772.65, 3840.7, 2467.01, 2631.03, 2496.41, 2485.51, 2352.25, 2433.73, 2543.02, 2408.48, 2401.32, 2415.04, 2507.29, 2530.33, 2536.48, 2565.98, 244.05, 2747.48, 1706.55, 1639.99, 1607.56, 1615.27, 1619.65, 1623.85, 1638.78, 1641.48, 1642.48, 1629.84, 1632.97, 1684.35, 1696.01, 1668.0, 1667.81, 1674.36, 1681.95]','2024-08-15 19:33:29.00',0),(15,3,'경상도_드라마_15_1994_오늘도안들어온다카드나','no path','오늘도 안들어온다 카드나',NULL,'[858.43, 879.36, 299.37, 303.43, 310.22, 313.97, 315.19, 313.9, 305.93, 298.48, 283.62, 273.93, 256.57, 239.18, 217.72, 218.88, 212.68, 394.89, 744.29, 1054.24, 1033.3, 1030.18, 1024.79, 677.28, 337.68, 331.44, 336.87, 342.08, 343.95, 346.45, 348.67, 348.29, 348.45, 351.17, 211.26, 403.48, 412.68, 426.4, 215.83, 222.13, 230.19, 484.48, 491.0, 749.53, 759.2, 761.41, 253.2, 252.72, 251.41, 253.47, 255.03, 254.57, 254.66, 253.47, 254.35, 531.33, 525.56, 520.85, 508.16, 1028.02, 799.38, 799.09, 1104.46, 1110.18, 1113.97, 1146.83, 1008.64, 307.26, 304.25, 848.52, 836.49, 901.59, 1651.99, 1591.65, 1606.13, 275.22, 254.67, 231.33, 216.56, 210.23, 195.59, 187.75, 185.84, 179.61, 979.98, 961.37, 942.5, 930.21, 931.66, 928.62, 925.63, 931.54, 181.65, 924.05, 179.68, 196.08, 184.96, 1641.84, 2220.98, 2777.32, 2624.08]','2024-08-15 19:33:29.00',0),(16,4,'경상도_드라마_16_1994_일찍자야안되겠나','no path','일찍 자야 안되겠나',NULL,'[254.03, 265.88, 291.16, 315.11, 322.26, 317.74, 314.58, 322.12, 3331.37, 376.79, 378.94, 355.73, 327.08, 312.98, 260.17, 251.76, 241.18, 225.74, 2228.96, 2081.84, 2092.51, 2107.61, 246.36, 234.74, 837.71, 813.52, 794.17, 766.28, 753.93, 750.54, 736.85, 861.02, 838.13, 828.93, 827.22, 822.94, 815.94, 812.61, 816.62, 313.31, 313.34, 310.82, 316.53, 328.68, 169.18, 315.73, 316.25, 243.01, 214.83, 229.78, 415.11, 428.09, 438.29, 448.5, 455.28, 473.3, 501.44, 522.53, 538.9, 541.43, 266.99, 260.69, 267.65, 274.93, 275.7, 272.7, 265.45, 259.61, 254.11, 241.35, 232.36, 220.27, 818.79, 942.31, 903.49, 882.06, 883.81, 874.03, 850.89, 855.32, 773.77]','2024-08-15 19:33:29.00',0),(17,4,'경상도_드라마_17_1994_저중에서오빠가제일파이거든','no path','쩌 중에서 오빠가 제일 파이거든',NULL,'[149.98, 157.25, 171.24, 205.11, 203.47, 198.19, 202.92, 197.2, 200.65, 205.06, 3935.93, 3965.86, 3935.33, 3984.17, 1982.38, 1975.3, 678.55, 689.82, 704.13, 711.92, 711.81, 709.75, 704.55, 689.68, 671.86, 322.75, 317.15, 321.41, 260.8, 259.43, 3833.93, 3831.77, 291.19, 278.26, 270.35, 260.81, 254.37, 244.42, 238.56, 232.92, 229.99, 228.5, 226.6, 223.26, 215.72, 195.07, 203.04, 233.62, 459.14, 449.76, 444.72, 533.27, 533.67, 539.77, 446.76, 458.67, 468.98, 477.22, 224.03, 224.67, 231.56, 248.45, 724.57, 229.8, 729.89, 684.33, 1266.1, 1266.25, 953.85, 947.86, 948.53, 864.37, 851.32, 843.83, 830.5, 784.68, 746.06, 1716.59, 220.2, 221.79, 188.25, 3910.22, 3876.51, 3993.82, 2261.9, 3897.22, 3128.04, 3177.76, 3199.94, 225.49, 217.15, 217.02, 212.54, 402.14, 391.97, 392.09, 401.1, 414.37, 443.92, 455.12, 238.23, 246.86, 254.74, 259.8, 259.83, 242.73, 229.97, 230.68, 233.96, 248.05, 1834.99, 1699.47, 1704.45, 1709.28, 1738.27, 1636.5, 1694.67, 336.08, 1784.25, 1781.81, 701.61, 686.18, 669.69, 326.92, 317.32, 299.53, 275.2, 254.07, 234.77, 221.36, 215.17, 424.21, 422.02, 411.77, 402.53, 398.45, 408.05, 184.55, 181.67, 171.17, 170.1, 370.7, 554.14, 555.63, 553.28, 545.92, 539.86, 536.9, 537.44, 537.85, 1601.89, 1594.62, 1591.02, 1592.31, 708.7, 707.3, 708.28, 706.34, 702.15, 699.57, 698.94, 698.29, 1558.11, 1551.59, 1545.23, 1362.79, 1355.87, 1353.37, 1352.35, 170.79, 171.52, 178.78, 190.76, 188.16, 190.42, 190.32, 203.73, 210.81, 199.44]','2024-08-15 19:33:29.00',0),(18,4,'경상도_드라마_18_1994_지금말해주면안되나','no path','지금 말해주면 안되나',NULL,'[3986.64, 3073.59, 3065.69, 296.75, 299.76, 306.07, 310.45, 330.15, 386.46, 391.76, 395.27, 389.71, 361.74, 335.82, 311.1, 283.59, 260.03, 242.08, 230.48, 817.07, 978.76, 957.04, 946.29, 941.88, 942.78, 1518.49, 188.77, 422.22, 437.76, 458.01, 238.63, 249.6, 257.23, 262.36, 281.24, 300.97, 314.52, 324.75, 337.58, 344.45, 344.87, 345.61, 340.24, 319.59, 293.81, 264.91, 242.22, 221.76, 809.46, 744.66, 715.2, 345.99, 340.66, 340.23, 340.75, 338.76, 169.26, 167.83, 169.29, 177.0, 187.87, 212.63, 251.06, 236.11, 233.22, 236.23, 240.99, 245.8, 249.62, 253.11, 254.38, 249.95, 238.72, 223.23, 205.57, 191.49, 186.72, 901.57, 880.13, 340.31, 331.74, 324.24, 319.41, 310.51, 304.1, 301.8, 302.18, 165.62, 249.82, 251.05, 238.15, 188.92, 187.64, 182.45, 3925.0, 3937.6, 3921.21, 3918.82, 3917.04, 3911.56, 3897.84, 3947.56, 184.21, 196.66, 214.56, 162.14, 174.41, 163.2, 194.37, 197.16, 196.23, 184.83, 242.32, 166.61, 180.11, 196.33, 192.8, 193.25, 223.46, 165.94, 190.92, 185.88, 173.3, 139.99, 2104.91, 2066.43, 2052.15, 2048.12, 2059.36, 2094.94]','2024-08-15 19:33:29.00',0),(19,4,'경상도_드라마_19_1997_만나지마까','no path','만나지마까',NULL,'[172.66, 239.45, 255.46, 161.27, 156.46, 160.77, 216.74, 214.34, 186.55, 175.82, 311.1, 219.83, 213.47, 147.09, 248.67, 227.79, 216.99, 307.62, 264.96, 264.36, 257.46, 247.33, 242.37, 243.94, 246.02, 249.82, 763.98, 771.18, 260.98, 261.22, 260.61, 271.15, 289.47, 299.28, 304.62, 310.33, 313.42, 310.36, 307.08, 307.82, 454.53, 289.75, 283.0, 269.63, 255.79, 242.54, 3658.76, 3468.22, 3483.46, 3119.57, 3127.81, 234.79, 214.81, 213.37, 213.86, 432.68, 431.34, 430.97, 546.54, 1077.55, 1081.74, 1080.49, 1093.05, 212.78, 199.23, 193.96, 215.53, 205.92, 192.38, 841.8, 950.05, 246.21, 1133.8, 1146.2, 1145.81, 438.27, 437.71, 433.44, 284.73, 284.71, 145.32, 146.19, 146.61, 140.86, 141.11, 256.39, 890.69, 934.96, 833.45, 837.35, 1658.5, 1762.14, 1779.51, 1782.17, 1791.54, 844.03, 831.78, 828.78, 792.54]','2024-08-15 19:33:29.00',0),(20,4,'경상도_드라마_20_1997_모르겠다','no path','모르겠다',NULL,'[343.28, 164.98, 204.02, 180.8, 177.48, 1853.57, 208.31, 191.59, 173.94, 170.95, 243.51, 246.44, 242.41, 289.47, 410.19, 392.7, 385.57, 367.11, 371.07, 349.55, 342.78, 330.63, 233.81, 229.47, 445.79, 541.62, 323.24, 322.76, 323.23, 308.75, 300.9, 337.61, 335.67, 329.27, 321.77, 327.53, 352.29, 387.23, 412.56, 432.43, 451.23, 456.42, 442.97, 281.72, 277.63, 296.19, 175.29, 266.87, 470.01, 467.03, 229.45, 376.21, 488.88, 462.25, 660.31, 619.26, 705.47, 755.4, 760.05, 887.32, 857.7, 853.38, 861.57, 863.34, 1185.84, 1117.59, 894.77, 881.16, 1082.99, 1108.13, 1115.67, 1119.78, 1116.75, 1099.73, 1096.94, 1118.88, 1115.77, 1118.88, 212.01, 195.78, 183.94, 186.26, 197.79, 220.15, 250.91, 149.71, 218.73, 161.92, 208.19, 143.95, 180.56]','2024-08-15 19:33:29.00',0),(21,5,'경상도_드라마_21_1997_뭐가미안한데','no path','뭐가 미안한데',NULL,'[156.47, 158.19, 219.19, 213.47, 166.04, 171.87, 152.85, 145.42, 178.04, 171.73, 301.56, 224.38, 216.65, 212.81, 250.27, 143.72, 275.36, 145.54, 155.45, 168.94, 216.27, 219.6, 238.75, 316.97, 158.44, 259.04, 258.96, 241.59, 237.7, 716.62, 728.17, 728.06, 715.79, 236.95, 241.52, 842.41, 894.91, 919.31, 935.53, 948.22, 321.83, 324.07, 328.4, 338.86, 344.25, 351.14, 366.24, 758.94, 775.7, 791.08, 800.5, 814.02, 1651.47, 1666.51, 1685.5, 1710.32, 859.99, 433.72, 444.22, 456.99, 970.09, 985.92, 999.77, 1025.21, 1052.4, 1060.9, 507.14, 496.19, 474.97, 442.94, 364.38, 303.61, 276.01, 258.13, 262.65, 719.52, 682.99, 659.52, 624.32, 758.27, 722.1, 694.87, 670.37, 635.2, 743.48, 720.63, 696.76, 679.1, 771.46]','2024-08-15 19:33:29.00',0),(22,5,'경상도_드라마_22_1997_이상한거아이가','no path','이상한거 아이가',NULL,'[223.12, 281.55, 282.7, 241.06, 237.69, 208.56, 236.49, 160.79, 161.45, 178.21, 188.09, 195.34, 201.74, 260.72, 253.46, 203.29, 265.92, 273.01, 851.61, 870.05, 752.18, 792.26, 846.78, 751.58, 796.91, 839.81, 881.84, 921.39, 232.69, 236.06, 239.24, 239.51, 237.89, 231.94, 428.27, 413.1, 550.08, 649.25, 589.43, 559.57, 533.83, 512.35, 254.21, 237.74, 233.85, 450.03, 442.52, 435.63, 333.56, 342.49, 246.53, 263.56, 429.97, 656.8, 541.44, 564.96, 597.15, 621.8, 633.2, 638.39, 630.41, 1006.35, 922.05, 929.83, 950.18, 912.98, 878.14, 843.1, 796.14, 890.82, 854.59, 214.99, 194.83, 200.03, 214.12, 220.52, 176.88, 196.41, 188.95, 206.14]','2024-08-15 19:33:29.00',0),(23,5,'경상도_드라마_23_1997_잘모르겠다','no path','잘 모르겠다',NULL,'[2075.52, 2090.19, 2093.17, 2250.74, 2300.22, 2189.87, 3233.84, 1699.83, 1790.81, 1703.31, 261.12, 265.57, 269.14, 272.43, 274.51, 272.92, 264.29, 254.96, 236.65, 223.61, 211.78, 201.0, 192.12, 190.04, 189.47, 188.71, 187.04, 183.02, 183.83, 185.64, 186.84, 181.38, 170.76, 176.84, 213.97, 219.61, 232.21, 239.16, 250.3, 253.28, 244.37, 251.01, 279.09, 296.8, 304.45, 311.83, 316.64, 312.44, 296.38, 288.78, 622.38, 621.15, 624.2, 625.26, 611.56, 2297.39, 1635.35, 303.84, 1219.52, 1223.84, 714.53, 619.95, 631.74, 624.71, 759.31, 746.94, 731.43, 720.23, 853.5, 841.35, 838.24, 837.6, 832.1, 819.61, 814.84, 816.53, 820.71, 819.93, 823.17, 905.92, 908.07, 924.9, 212.16, 165.82, 173.89, 171.58, 183.93, 191.25, 192.22, 179.35, 166.66, 303.81]','2024-08-15 19:33:29.00',0),(24,5,'경상도_드라마_24_미스터션샤인_도련님 내 그래 안봤는데 사람이 좀 야박한데가 있네예','no path','도련님 내 그래 안봤는데 사람이 좀 야박한데가 있네예',NULL,'[1676.19, 159.3, 1696.05, 1620.28, 1596.07, 1724.47, 1721.48, 178.49, 157.53, 201.5, 236.51, 157.73, 189.48, 153.54, 210.96, 225.41, 243.72, 159.41, 159.76, 187.08, 246.28, 231.95, 231.08, 477.22, 484.74, 490.9, 231.26, 2792.65, 2777.96, 306.27, 318.81, 327.51, 334.9, 347.49, 352.17, 349.46, 349.75, 349.22, 348.99, 347.06, 340.88, 336.78, 329.74, 304.43, 295.55, 281.64, 273.16, 261.46, 253.96, 240.96, 235.63, 233.67, 435.35, 424.89, 428.69, 426.14, 420.91, 407.7, 395.35, 354.29, 353.79, 261.73, 266.47, 269.51, 295.63, 202.0, 344.71, 328.16, 239.33, 489.0, 486.84, 1760.63, 518.0, 1625.39, 1631.98, 1625.33, 1632.59, 1529.67, 896.64, 1320.3, 1309.38, 1200.21, 963.16, 957.87, 417.25, 285.21, 312.29, 324.54, 328.64, 240.42, 231.04, 322.86, 322.22, 322.23, 723.45, 744.8, 773.55, 608.53, 639.22, 674.39, 701.43, 724.7, 252.41, 260.9, 265.51, 275.1, 283.29, 284.73, 300.02, 305.18, 308.0, 316.59, 320.81, 327.78, 325.31, 330.12, 330.28, 329.98, 331.02, 330.62, 325.08, 313.65, 306.24, 277.83, 2974.91, 2978.17, 2963.44, 587.95, 1972.82, 1943.91, 762.97, 726.21, 691.68, 775.63, 748.7, 709.55, 720.48, 723.68, 768.84, 740.72, 778.38, 770.12, 761.47, 727.85, 3172.02, 3218.34, 3127.46, 214.93, 231.11, 2304.59, 211.25, 1719.3, 1752.09, 1763.03, 1782.13, 1774.16, 1764.85, 212.15, 304.51, 257.83, 252.22, 257.08, 189.68, 164.6, 215.48, 206.46, 210.17, 202.35, 208.66, 254.13, 186.95, 211.37, 212.37, 251.76, 229.38, 238.71, 254.6, 223.54, 210.32, 259.87, 202.12, 229.62, 251.27, 250.67, 201.65, 166.31, 260.94, 250.66, 223.96, 244.41, 243.83, 244.61, 243.12, 230.3, 2012.47, 2346.35, 2015.92, 2042.77, 2063.09, 221.93, 243.82, 272.6, 179.26, 209.73, 215.35, 197.94, 206.2, 208.62, 240.42, 230.77, 231.65, 246.04, 159.67, 1837.48, 188.32, 154.13, 2607.92, 3939.07, 3930.33, 3925.32, 261.73, 768.23, 1332.58, 1394.99, 1426.17, 1434.55, 279.71, 1529.34, 1555.38, 313.4, 317.72, 325.18, 328.67, 325.5, 322.81, 325.83, 321.09, 317.36, 310.37, 300.46, 289.29, 274.48, 257.19, 241.13, 233.67, 209.38, 285.08, 3301.24, 2725.24, 418.37, 395.08, 372.67, 363.85, 363.24, 366.73, 367.11, 364.46, 359.06, 355.0, 351.47, 350.21, 338.89, 330.31, 331.82, 332.67, 330.3, 327.22, 671.83, 669.64, 669.9, 680.33, 689.91, 693.32, 168.53, 370.38, 362.5, 206.57, 707.09, 745.56, 784.35, 811.59, 272.89, 277.09, 262.08, 252.15, 242.98, 1404.32, 1454.76, 1476.51, 377.68, 316.15, 312.25, 311.46, 314.25, 318.97, 320.81, 323.42, 322.64, 317.42, 315.09, 310.7, 307.88, 306.04, 303.59, 298.88, 283.77, 278.51, 266.42, 256.0, 2970.96, 2953.81, 525.49, 508.31, 491.93, 471.77, 453.45, 444.06, 438.61, 428.08, 611.14, 589.47, 556.81, 518.47, 499.67, 489.88, 329.03, 324.32, 314.08, 308.23, 318.51, 322.28, 321.81, 316.91, 308.89, 295.28, 278.66, 276.3, 307.14, 315.45, 156.47, 154.99, 322.77, 312.03, 291.82, 393.35, 371.01, 3164.3, 3126.64, 3112.29, 3120.89, 3130.39, 3159.73, 3115.57, 250.27, 2293.19, 2296.65, 2371.67, 2394.63, 2305.43, 2321.27, 2328.8, 2334.75, 2352.84, 154.52, 232.17, 266.82]','2024-08-15 19:33:29.00',0),(25,5,'경상도_드라마_25_미스터션샤인_아니_--님 욕을 왜 그 궁 앞에 가서 하시냐고요 아이구 사람들 다 듣구로 참말로','no path','아니 나라님 욕을 왜 그 궁 앞에가서 하시냐고요 아이고 사람들 다 듣구로 참말로',NULL,'[2963.56, 2943.1, 2928.29, 2936.38, 1280.4, 1128.18, 1240.36, 1310.43, 1294.15, 1294.23, 1140.03, 1197.35, 1221.28, 1322.45, 1475.85, 1521.3, 1634.44, 1673.14, 1734.74, 1760.16, 1782.41, 1671.69, 537.19, 527.13, 512.12, 487.79, 463.74, 460.01, 337.8, 321.18, 305.3, 293.3, 285.2, 278.06, 254.1, 245.39, 235.3, 235.2, 236.65, 1496.94, 1315.88, 1379.47, 1428.71, 1003.86, 1030.03, 1472.78, 1546.04, 797.6, 1568.18, 1661.21, 1678.28, 1692.0, 1137.94, 1138.8, 1132.21, 1123.17, 1125.55, 512.98, 501.0, 494.37, 477.72, 458.12, 431.56, 414.13, 377.29, 372.4, 359.63, 334.52, 320.67, 304.47, 293.58, 284.6, 278.2, 259.89, 257.8, 253.04, 245.92, 249.92, 256.6, 260.98, 267.89, 278.39, 285.89, 296.33, 295.99, 289.65, 299.12, 285.32, 282.65, 335.25, 337.62, 328.59, 306.67, 286.76, 273.96, 244.66, 228.57, 215.62, 208.99, 207.88, 209.48, 202.99, 205.7, 212.99, 216.78, 220.7, 231.79, 224.31, 229.47, 232.46, 241.73, 257.7, 280.93, 300.87, 324.88, 362.24, 393.25, 1693.39, 1707.04, 456.92, 468.74, 1706.6, 1778.9, 1702.52, 1689.16, 1405.6, 379.58, 394.64, 1315.17, 1286.9, 338.35, 342.53, 357.77, 376.27, 387.15, 392.89, 394.73, 385.42, 372.11, 333.5, 314.27, 295.18, 298.38, 294.36, 292.01, 297.07, 305.1, 298.77, 309.69, 316.02, 323.9, 344.09, 359.29, 377.14, 387.3, 394.68, 415.67, 430.56, 442.7, 466.93, 490.5, 522.12, 443.73, 512.1, 192.08, 3435.39, 3442.38, 3474.42, 3537.32, 1407.63, 1376.03, 1413.01, 1434.36, 1220.52, 1220.24, 1215.09, 1207.81, 578.41, 585.41, 602.87, 618.33, 607.83, 204.13, 2082.74, 2115.36, 2090.99, 2108.31, 2418.05, 2133.27, 2148.58, 2152.83, 1815.15, 587.31, 1670.33, 602.75, 613.83, 987.85, 1012.46, 1023.14, 1010.87, 998.99, 948.0, 907.62, 885.49, 883.31, 877.69, 874.5, 283.73, 309.14, 326.08, 331.81, 331.26, 320.33, 300.29, 286.77, 279.74, 2690.44, 2374.07, 2361.32, 2770.39, 2391.3, 3933.03, 300.39, 308.7, 309.61, 303.37, 293.09, 287.49, 3979.03, 3928.52, 3869.38, 3892.81, 3911.17, 3140.07, 393.12, 380.51, 374.22, 368.8, 370.11, 377.56, 391.14, 394.61, 895.27, 890.4, 1356.85, 1314.61, 633.52, 909.69, 582.54, 589.9, 613.52, 154.86, 263.55, 273.68, 281.12, 284.9, 283.29, 280.13, 276.24, 273.34, 269.87, 262.98, 260.73, 260.5, 257.62, 246.71, 486.59, 477.74, 473.31, 471.34, 467.9, 467.12, 468.33, 469.72, 472.33, 475.35, 479.59, 484.9, 490.41, 496.82, 498.3, 502.3, 506.08, 509.05, 512.79, 515.65, 517.85, 519.98, 521.75, 521.08, 519.3, 517.71, 516.05, 513.38, 508.71, 498.35, 491.21, 950.9, 930.84, 911.53, 894.33, 872.18, 613.23, 594.85, 585.16, 581.51, 579.02, 575.4, 574.65, 572.76, 568.96, 564.54, 559.15, 551.83, 556.26, 218.97, 220.15, 164.93, 216.72, 162.24, 164.0, 161.46, 153.29, 153.29, 159.59, 1690.07, 1804.76, 1780.99, 1794.17, 1790.87, 1796.65, 152.65, 176.3, 182.98, 205.42, 154.25, 464.28, 468.55, 1049.24, 1034.41, 1022.51, 1003.29, 981.33, 474.33, 467.4, 457.86, 443.77, 425.5, 438.76, 447.43, 157.95, 400.92, 401.82, 406.58, 422.03, 425.65, 411.35, 3979.05, 2604.04, 2538.86, 2654.88, 2682.12, 1792.69, 1452.22, 1450.05, 359.25, 357.01, 348.21, 342.21, 357.81, 381.77, 480.03, 480.31, 476.93, 503.07, 512.15, 506.52, 496.27, 482.04, 467.63, 465.37, 485.75, 1578.78, 385.83, 371.05, 351.87, 342.18, 329.74, 298.24, 285.59, 297.92, 283.07, 303.52, 301.58, 1975.82, 1996.15, 2064.57, 2060.44, 2018.12, 2046.17, 2043.15, 2123.88, 2136.21, 2148.03, 2141.04, 1499.44, 1465.53, 1574.06, 1600.59, 1706.75, 1401.79, 1438.17, 1441.02, 1435.22, 625.58, 615.33, 721.1, 717.88, 722.13, 609.37, 1868.94, 393.52, 395.95, 3066.81, 3051.67, 591.99, 598.16, 607.9, 608.13, 589.51, 571.72, 578.31, 566.51, 586.49, 595.03, 563.26, 611.24, 583.14, 975.71, 987.34, 524.76, 521.0, 514.98, 544.3, 559.65, 565.52, 569.17, 566.93, 541.5, 535.37, 1223.21, 1238.05, 347.62, 332.3, 321.53, 298.4, 284.24, 298.77, 295.1, 3872.21, 3870.7, 3870.82, 3943.94, 2553.42, 2559.08, 2114.75, 2113.84, 2114.54, 359.86, 349.05, 312.48, 304.11, 302.58, 302.43, 302.92, 302.76, 300.61, 296.67, 295.23, 296.51, 298.03, 295.47, 285.59, 269.27, 255.55, 254.25, 240.36, 237.12, 232.91, 222.71, 1284.23, 1264.88, 1252.05, 209.5, 208.96, 208.93, 220.1, 302.18, 291.25, 201.23, 197.85, 191.9, 188.43, 190.66, 202.72, 183.37, 193.59, 191.4, 197.8, 204.64, 210.55, 220.23, 223.4, 216.99, 215.79, 218.71, 219.81, 220.02, 216.46, 215.16, 216.74, 220.55, 218.77, 214.24, 217.5, 217.92, 214.51, 206.5, 208.85, 187.15, 172.91, 174.8]','2024-08-15 19:33:29.00',0),(26,6,'경상도_드라마_26_미스터션샤인_에이 뭔소리 합니까 -- 중에 제일 예쁘던데','no path','에이 뭔소리 합니까 한성 바닥서 본 중에 제일 예삐던데',NULL,'[320.47, 251.28, 270.32, 351.04, 359.04, 363.14, 371.63, 383.0, 398.32, 203.51, 209.79, 218.37, 232.92, 244.63, 256.04, 265.02, 277.55, 283.04, 292.55, 302.27, 305.07, 295.45, 283.01, 274.01, 257.69, 238.67, 236.82, 251.57, 244.92, 236.99, 229.31, 224.63, 225.81, 225.46, 218.81, 211.54, 204.81, 194.5, 188.13, 200.34, 233.35, 254.97, 270.3, 288.75, 307.43, 315.27, 303.41, 320.17, 346.19, 357.46, 369.09, 376.19, 387.29, 816.03, 949.16, 1462.71, 1491.4, 1508.14, 1527.19, 1542.7, 563.38, 568.66, 576.6, 585.83, 651.91, 654.1, 653.92, 644.76, 619.43, 591.49, 581.85, 609.47, 560.39, 516.78, 733.54, 642.48, 624.22, 624.15, 615.43, 606.1, 603.8, 587.14, 551.06, 986.18, 940.09, 852.66, 798.66, 760.01, 368.16, 631.83, 796.33, 758.73, 745.48, 727.5, 705.39, 677.85, 647.9, 622.81, 781.3, 766.51, 752.67, 748.07, 744.37, 727.43, 700.11, 653.98, 755.34, 732.38, 1182.06, 1162.11, 1201.92, 1199.93, 1295.75, 1248.35, 1171.67, 1176.28, 162.71, 284.27, 266.49, 229.85, 297.21, 301.02, 3727.08, 3705.23, 3554.41, 3566.74, 3659.12, 3830.31, 3829.53, 3823.09, 3805.24, 253.82, 305.97, 297.11, 304.68, 319.5, 333.47, 347.17, 353.5, 366.16, 372.52, 371.2, 364.73, 367.36, 377.67, 324.3, 386.75, 432.17, 432.76, 445.32, 456.57, 455.84, 460.44, 469.38, 352.23, 361.54, 353.88, 592.74, 541.61, 538.71, 509.36, 494.31, 968.96, 968.75, 974.4, 1492.77, 1505.42, 1504.04, 1498.43, 1460.31, 468.58, 1447.6, 1434.8, 1409.08, 1374.87, 442.24, 415.16, 398.58, 380.21, 367.67, 352.63, 375.8, 374.81, 356.55, 349.52, 340.09, 297.13, 272.61, 252.9, 243.58, 252.62, 180.4, 171.19, 330.94, 344.0, 263.99, 252.75, 492.59, 497.26, 500.75, 499.65, 496.87, 495.46, 257.06, 266.96, 271.81, 262.78, 247.95, 236.94, 234.56, 231.2, 263.54, 299.88, 310.87, 319.01, 325.27, 328.29, 328.87, 325.6, 317.93, 314.52, 307.14, 290.62, 282.14, 271.17, 263.3, 256.04, 248.33, 243.65, 240.2, 222.08, 196.49, 185.46, 163.2, 1718.57, 3791.29, 3870.08, 3296.23, 2735.09, 2671.44, 2663.75, 2647.76, 210.23, 210.26, 212.69, 216.32, 226.8, 499.51, 517.17, 600.72, 639.55, 639.52, 621.62, 3982.68, 2599.01, 348.4, 357.95, 362.43, 438.71, 430.62, 409.23, 397.91, 396.06, 392.34, 377.32, 332.15, 584.23, 572.3, 556.14, 350.4, 259.14, 262.41, 231.22, 210.16, 233.88, 328.85, 276.42, 270.75, 272.24, 269.01, 259.29, 225.22, 208.55, 199.3, 190.41, 219.16, 236.35, 239.42, 240.23, 237.4, 234.87, 227.05, 213.61, 210.56, 206.35, 198.16, 190.57, 179.37, 173.14, 421.04, 408.7, 399.8, 389.11, 378.97, 554.41, 542.9, 531.59, 516.33, 536.44, 578.88, 594.39, 638.88, 655.14, 624.83, 614.63, 689.39, 678.56, 659.48, 655.58, 660.85, 664.54, 654.41, 253.32, 229.91, 226.31, 1509.65, 1536.67, 203.51, 196.39, 1954.51, 1944.14, 1924.84, 1909.64, 171.25, 325.86, 210.03, 191.04, 163.29, 2498.64, 2493.86, 2561.57, 2556.6, 2560.79, 2439.98, 2539.74, 2545.46, 2602.14, 2556.95, 2583.24, 2597.68, 3118.42, 3838.69, 3454.1, 3107.01, 3939.16]','2024-08-15 19:33:29.00',0),(27,6,'경상도_드라마_27_이상한-일이가-그게','no path','이상한일이가 그게',NULL,'[178.81, 180.41, 178.0, 177.75, 181.65, 182.52, 186.38, 187.19, 185.28, 180.87, 1398.13, 1386.41, 1684.69, 1676.35, 338.46, 350.45, 356.0, 366.22, 1128.35, 1166.85, 1214.27, 1025.4, 1014.24, 549.79, 602.9, 640.38, 683.64, 717.63, 743.19, 753.08, 769.61, 728.8, 747.42, 748.78, 756.36, 505.19, 465.4, 423.03, 360.82, 334.8, 301.32, 288.24, 474.79, 447.82, 425.99, 193.24, 348.51, 359.56, 379.82, 396.02, 396.76, 385.73, 357.21, 361.25, 374.86, 186.68, 527.92, 526.7, 520.68, 511.17, 499.54, 488.94, 484.43, 479.33, 485.31, 485.43, 489.81, 335.41, 303.06, 185.45, 168.93, 302.68, 297.12, 287.97, 154.37, 281.19, 2264.71, 2282.11, 418.05, 338.03, 469.36, 471.36, 467.8, 303.8, 300.52, 446.78, 288.21, 282.5, 279.31, 279.36, 280.45, 279.34, 276.94, 277.22, 276.5, 270.26, 266.26, 226.43, 217.22, 230.87, 239.05]','2024-08-15 19:33:29.00',0),(28,6,'경상도_드라마_28_야야뿌라진다응안뿌러져','no path','야야 뿌라진다 안뿌라진다',NULL,'[281.95, 240.13, 227.6, 252.4, 243.56, 244.97, 518.38, 520.11, 515.51, 509.88, 760.81, 753.54, 752.33, 756.06, 1771.64, 1777.75, 1780.74, 749.56, 749.44, 742.01, 734.25, 489.96, 479.6, 469.75, 465.54, 456.57, 449.27, 220.68, 219.63, 3046.01, 1714.79, 1717.63, 253.63, 189.17, 187.41, 184.42, 180.66, 290.66, 301.53, 309.61, 306.53, 229.14, 311.91, 303.92, 306.82, 301.54, 305.64, 300.85, 269.06, 278.73, 298.21, 305.07, 634.5, 668.8, 1063.93, 1381.35, 797.84, 820.51, 840.33, 847.41, 857.93, 871.62, 1412.2, 1469.63, 1001.9, 1012.61, 1018.36, 1010.45, 496.64, 485.53, 465.45, 365.03, 350.66, 339.54, 334.72, 345.25, 350.74, 351.03, 349.26, 341.25, 330.28, 316.12, 301.39, 291.72, 284.98, 275.28, 265.11, 256.83, 254.76, 242.38, 236.77, 231.09, 689.49, 685.19, 672.86, 656.11, 851.08, 837.43, 823.49, 814.83, 800.79, 787.15, 770.17, 753.01, 743.54, 731.36, 722.96, 714.68, 705.21, 871.3, 863.51, 845.67, 831.86, 822.64, 814.49, 805.93, 800.0, 796.53, 786.04, 773.48, 765.0, 755.24, 749.17, 745.89, 885.23, 873.12, 868.91, 862.83, 849.36, 843.42, 837.86, 831.13, 822.53, 819.29, 810.07, 1825.92, 1820.82, 1820.62, 1829.08, 1828.36, 1845.32, 1854.45, 3136.93, 3158.8, 3161.48, 3155.5, 3144.68, 3137.24, 3120.22, 3099.57, 1833.11, 1827.82, 1815.93, 1806.74, 1811.06, 1809.93, 1817.08, 1823.27, 1831.52, 1854.39, 1855.27, 2369.06, 2363.51, 2374.23, 2372.4, 1853.91, 1848.96, 1843.54, 1828.46, 1817.18, 1810.81, 1821.3, 1824.11, 1829.95, 1851.37, 1860.38, 1871.08, 1889.61, 1890.49, 1881.84, 1877.25, 1866.55, 1865.95, 1847.14, 1830.44, 1821.21, 1810.83, 1807.11, 155.27, 3018.24, 1814.22, 1827.56, 1847.12, 1859.91, 1873.52, 1876.43, 1877.45, 1877.83, 3114.29, 3089.38, 1123.54, 1121.99, 3050.41, 1118.23, 3022.74, 3017.21, 219.87, 216.82, 222.42, 229.43, 226.97, 221.05, 219.73, 1873.27, 1875.8, 1870.05, 1865.77, 1852.84, 1834.24, 1821.31, 602.49, 452.86, 453.49, 153.55, 479.38, 496.61, 507.27, 167.06, 568.99, 593.29, 417.66, 427.78, 445.81, 464.31, 474.34, 486.69, 496.82, 514.23, 528.8, 536.65, 536.69, 537.11, 538.96, 623.94, 626.53, 3969.74, 3975.68, 2974.73, 3986.26, 3400.12, 3472.41, 359.88, 378.05, 392.34, 402.63, 417.45, 421.87, 423.83, 421.8, 418.49, 413.99, 406.23, 399.34, 384.67, 392.79, 400.54, 381.44, 629.84, 601.82, 615.07, 599.23, 572.11, 538.17, 662.93, 640.39, 613.49, 589.24, 567.22, 1189.88, 634.66, 620.77, 605.15, 590.4, 582.94, 1144.57, 1137.4, 1127.42, 1125.52, 1106.76, 1072.99, 1057.21, 1034.33, 1122.48, 1103.41, 987.62, 981.96, 982.41, 982.47, 783.2, 963.29, 961.75, 936.3, 1026.29, 1005.81, 982.49, 982.19]','2024-08-15 19:33:29.00',0),(29,6,'경상도_드라마_29_고마 잠이나 자야지','no path','고마 잠이나 자야지',NULL,'[263.44, 241.95, 241.84, 247.76, 248.0, 246.93, 246.5, 248.11, 245.31, 247.4, 328.68, 327.92, 328.64, 328.35, 329.11, 329.02, 329.05, 569.09, 534.87, 753.7, 761.59, 210.64, 203.55, 190.93, 188.8, 371.41, 357.06, 352.03, 352.43, 857.69, 671.43, 330.61, 336.23, 158.9, 353.22, 341.4, 331.6, 252.42, 250.17, 979.73, 937.04, 2056.78, 985.66, 980.57, 1133.04, 1148.48, 1169.16, 1633.41, 1098.28, 1095.66, 917.75, 373.24, 364.48, 370.19, 379.96, 392.84, 202.85, 209.68, 214.12, 216.8, 219.82, 219.45, 213.69, 207.72, 203.66, 194.28, 371.97, 360.34, 337.67, 324.34, 315.22, 157.91, 858.56, 849.64, 281.94, 165.85, 255.27, 2003.28, 2105.81, 1902.55, 1868.74, 1855.26, 1846.33, 1846.23, 958.91, 966.59, 890.44, 902.92, 908.48, 761.51, 768.76, 777.24, 953.25, 1835.24, 1853.46, 1846.47, 1834.93, 1844.22, 1853.01, 156.28, 158.84, 578.22, 588.45, 589.61, 588.0, 587.8, 588.77, 588.26, 588.71, 589.0, 587.88, 588.0, 588.22, 588.09, 588.51, 587.9, 588.04, 588.15, 588.03, 587.4, 587.7, 587.81, 587.43, 587.38, 588.11, 588.59, 588.61, 588.03, 588.08, 588.09, 588.3, 588.46, 588.36, 588.37]','2024-08-15 19:33:29.00',0),(30,6,'경상도_드라마_30_그랬다 아이가','no path','그랬다 아이가',NULL,'[173.51, 172.74, 160.07, 179.3, 1172.14, 1275.79, 1277.44, 1284.93, 1480.4, 1512.5, 1534.88, 1545.74, 269.49, 328.18, 329.24, 334.62, 351.95, 372.38, 392.13, 399.96, 383.97, 375.82, 459.05, 363.94, 373.03, 398.34, 2214.51, 1079.65, 765.46, 665.43, 782.91, 778.49, 751.49, 723.64, 876.32, 851.96, 835.68, 816.36, 811.29, 643.84, 320.27, 319.9, 322.52, 327.01, 333.17, 343.13, 351.6, 360.14, 369.13, 185.58, 183.61, 182.35, 176.71, 182.95, 185.24, 1197.58, 228.19, 372.61, 368.74, 357.13, 863.38, 843.67, 324.4, 313.1, 306.98, 304.3, 300.03, 291.66, 285.55, 282.05, 280.02, 277.81, 277.82, 278.21, 274.11, 274.27, 278.91, 278.77, 240.52, 156.11, 160.98, 165.91, 178.76, 224.11]','2024-08-15 19:33:29.00',0),(31,7,'경상도_드라마_31_근데여는어쩐일인데','no path','근데 여는 어쩐일인데',NULL,'[3603.99, 3598.53, 185.84, 213.35, 659.25, 1574.47, 653.57, 659.76, 550.58, 547.01, 533.12, 267.41, 268.75, 266.42, 262.59, 257.74, 257.83, 524.7, 519.82, 511.18, 497.73, 490.73, 487.27, 485.28, 488.12, 494.88, 506.13, 514.72, 521.51, 531.3, 536.46, 539.1, 531.73, 262.18, 259.17, 252.02, 240.37, 224.65, 609.94, 585.03, 560.3, 537.27, 517.94, 169.76, 167.7, 1160.5, 1160.32, 1150.45, 1156.52, 3747.7, 3749.67, 3517.2, 466.37, 410.4, 408.62, 413.37, 417.46, 416.33, 212.5, 218.84, 223.73, 226.18, 228.11, 229.46, 231.45, 234.05, 472.75, 475.07, 478.25, 480.47, 478.91, 472.54, 228.77, 230.47, 475.11, 485.78, 487.13, 480.23, 467.88, 227.76, 222.25, 214.78, 209.25, 192.67, 183.75, 168.65, 157.7, 312.39, 612.0, 597.06, 582.45, 694.28, 679.61, 675.99, 675.76, 669.01, 666.3, 326.8, 190.14, 190.38, 186.38, 231.35, 209.44, 962.84, 987.7, 992.49, 986.57, 982.01, 981.82, 981.62, 980.96, 979.36, 978.44, 976.75, 979.31]','2024-08-15 19:33:29.00',0),(32,7,'경상도_드라마_32_내서운타이','no path','내 서운타이',NULL,'[224.63, 228.4, 229.87, 230.18, 229.83, 231.87, 238.91, 233.07, 234.46, 233.97, 235.44, 239.18, 227.53, 230.07, 227.64, 219.22, 207.34, 213.9, 217.77, 223.05, 210.17, 398.35, 398.44, 393.39, 3995.49, 3955.18, 3942.41, 3906.3, 3854.68, 3842.93, 3951.94, 3049.85, 247.04, 231.08, 225.29, 220.79, 221.56, 223.1, 226.29, 231.91, 236.36, 243.0, 254.05, 260.61, 263.63, 270.35, 275.32, 271.95, 275.09, 285.96, 281.71, 277.63, 277.34, 264.99, 255.91, 248.52, 1001.07, 980.78, 948.71, 917.84, 1106.76, 859.57, 837.95, 823.22, 816.38, 810.41, 1213.65, 1205.41, 1194.25, 1188.1, 789.07, 786.42, 782.81, 780.1, 777.11, 777.43, 784.91, 793.11, 799.69, 821.11, 838.31, 860.62, 887.03, 683.13, 699.48, 2385.19, 2905.25, 723.28, 717.68, 713.78, 686.77, 698.11]','2024-08-15 19:33:29.00',0),(33,7,'경상도_드라마_33_니딱34편까지만볼래','no path','니 딱 34편까지만 볼래',NULL,'[222.78, 229.06, 228.32, 216.98, 211.84, 211.67, 209.18, 210.05, 211.88, 223.48, 235.12, 236.07, 233.4, 235.75, 243.28, 240.29, 238.62, 239.64, 465.34, 470.51, 231.98, 237.37, 234.73, 219.99, 478.23, 478.76, 232.65, 233.95, 235.13, 222.44, 221.26, 232.9, 233.83, 214.23, 200.52, 196.26, 205.1, 513.77, 586.76, 563.03, 824.92, 822.17, 817.53, 815.18, 813.81, 814.37, 816.89, 1629.07, 1633.76, 1636.58, 1633.96, 1629.61, 1080.05, 1077.57, 1080.07, 1083.56, 1086.4, 1090.64, 1091.67, 1092.08, 1637.5, 1635.9, 1636.62, 1636.12, 1635.31, 1633.97, 1632.77, 1635.58, 816.79, 815.91, 812.01, 810.54, 811.67, 812.89, 1362.9, 1362.03, 1357.72, 1358.4, 817.18, 1055.05, 1005.35, 1007.19, 1024.87, 1053.98, 1069.2, 710.29, 680.22, 705.17, 1464.86, 1452.72, 704.88, 366.95, 359.38, 3693.73, 3695.8, 3587.47, 3605.91, 3641.38, 3662.98, 3658.75, 323.91, 317.87, 304.48, 298.93, 343.31, 356.18, 304.01, 317.49, 326.48, 326.29, 2691.85, 2687.39, 3279.46, 3149.86, 1106.82, 1080.72, 1056.68, 1034.86, 1021.75, 1007.13, 1015.47, 1018.95, 1008.04, 1008.67, 1028.73, 1033.87, 2068.69, 2068.31, 1577.12, 1578.83, 1583.7, 267.01, 276.52, 279.27, 280.92, 284.19, 289.62, 290.03, 297.35, 309.95, 566.1, 1177.75, 691.7, 664.9, 656.87, 649.04, 638.51, 632.88, 628.95, 648.41, 303.97, 642.21, 639.73, 635.99, 290.76, 269.97, 258.64, 253.51, 243.59, 235.57, 234.81, 236.35, 671.27, 659.62, 654.15, 642.26, 212.86, 208.41, 209.15, 203.39, 201.1, 201.96, 189.24, 179.68, 186.67, 189.92, 185.79, 191.89, 193.52, 193.82, 196.25, 194.83, 392.39, 392.51, 393.76, 396.43, 399.46, 405.6, 419.07, 456.82, 466.48, 473.95, 498.3, 514.54, 525.47, 539.64, 551.91, 561.55, 285.15, 288.65, 288.65, 291.23]','2024-08-15 19:33:29.00',0),(34,7,'경상도_드라마_34_사실이니까 그렇지 사실이니까','no path','사실이니까 그렇지 사실이니까',NULL,'[3002.16, 3104.94, 2971.94, 2968.96, 915.91, 947.53, 656.17, 671.24, 682.55, 686.26, 684.45, 684.87, 679.91, 682.11, 3308.47, 3442.76, 3379.07, 3371.04, 434.34, 436.95, 440.29, 444.77, 447.07, 445.09, 438.05, 435.46, 439.46, 436.28, 440.51, 443.39, 445.37, 446.57, 446.83, 445.41, 442.22, 440.14, 443.13, 447.7, 455.24, 465.93, 468.8, 469.37, 469.81, 463.26, 445.03, 436.61, 429.33, 445.9, 452.51, 436.29, 1429.07, 1408.87, 1413.51, 724.73, 700.12, 675.18, 633.76, 295.33, 303.19, 225.38, 214.94, 1370.86, 214.36, 216.73, 215.52, 195.6, 208.25, 221.45, 221.3, 220.2, 221.83, 220.66, 230.4, 236.12, 221.65, 213.11, 3865.32, 3823.5, 3110.0, 3117.06, 3128.38, 2947.5, 3042.86, 212.99, 207.06, 196.88, 191.29, 1905.0, 1892.7, 3190.28, 1964.78, 1964.21, 1871.01, 1705.37, 1666.1, 204.3, 206.47, 208.32, 209.8, 208.96, 204.55, 196.21, 209.78, 3776.04, 3313.33, 3309.89, 3252.28, 3300.11, 3170.53, 256.87, 247.77, 242.78, 239.88, 231.89, 223.93, 213.71, 219.39, 245.04, 244.88, 243.54, 246.12, 246.37, 240.74, 240.82, 256.4, 259.77, 259.93, 259.76, 260.69, 260.44, 259.34, 257.99, 255.95, 250.91, 238.9, 229.16, 235.51, 240.89, 243.34, 205.43, 175.83, 1312.05, 1338.13, 1358.72, 1361.62, 648.67, 680.2, 574.55, 639.14, 641.62, 720.95, 713.58, 717.95, 721.48, 631.0, 637.41, 645.11, 842.96, 847.25, 858.95, 866.34, 683.14, 682.49, 773.66, 773.07, 190.04, 189.39, 188.3, 187.31, 186.55, 186.1, 182.47]','2024-08-15 19:33:29.00',0),(35,7,'경상도_드라마_35_아이거삼만원짜리란말이야','no path','아 이 삼만원 짜리란 말이야',NULL,'[3070.69, 292.66, 282.02, 388.38, 381.04, 388.17, 386.2, 1542.2, 1546.84, 1261.01, 1261.73, 1255.03, 1247.45, 1255.01, 1263.2, 1263.93, 1263.91, 843.59, 847.75, 852.03, 855.51, 856.61, 851.98, 462.2, 457.2, 461.52, 466.1, 463.75, 457.0, 465.18, 358.71, 351.86, 416.94, 438.93, 448.46, 513.59, 1064.73, 1098.71, 1149.83, 1238.22, 1263.65, 1282.85, 1293.05, 1296.02, 641.38, 1264.81, 1262.22, 1272.21, 1292.83, 1315.17, 1353.43, 1378.99, 715.31, 1434.92, 1444.97, 1450.2, 1449.81, 1435.94, 700.87, 692.15, 1438.15, 1444.6, 622.61, 607.32, 597.44, 581.89, 552.05, 528.01, 501.34, 474.14, 454.63, 453.63, 381.09, 401.4, 390.72, 393.44, 1603.17, 1626.89, 1621.49, 1593.63, 779.92, 764.14, 748.24, 740.64, 730.18, 724.98, 725.7, 728.28, 720.81, 338.24, 3815.42, 2093.71, 2097.45, 2089.12, 2076.38, 2060.15, 680.9, 676.49, 671.46, 665.93, 658.3, 646.94, 635.45, 1265.03, 1260.1, 628.15, 616.93, 306.52, 306.87, 306.86, 302.88, 304.1, 303.75, 301.84, 310.5, 618.32, 615.6, 1221.92, 1217.29, 1208.52, 1200.58, 3893.17, 3890.28, 1503.84, 1510.73, 1517.29, 1516.94, 1513.92, 1518.18, 284.5, 284.31, 2107.93, 3894.37, 3889.7, 2376.75, 2363.72, 3802.57, 587.76, 584.92, 574.89, 561.82, 557.17, 824.72, 813.89, 803.59, 1053.6, 1037.14, 771.22, 766.51, 761.95, 758.36, 754.29, 750.97, 749.15, 987.79, 982.99, 977.4, 972.9, 964.37, 959.17, 958.91, 1193.81, 1193.29, 1196.53, 1203.7, 972.4, 982.97, 998.44, 1012.37, 1028.19, 1043.29, 1059.92, 1086.22, 1115.33, 1134.91]','2024-08-15 19:33:29.00',0),(36,8,'경상도_드라마_36_아저씨누군데요','no path','아저씨 누군데요',NULL,'[235.75, 228.44, 250.47, 239.95, 233.85, 252.87, 188.04, 1481.24, 1357.91, 1352.94, 1365.63, 1125.31, 1158.68, 2022.5, 2084.71, 2106.5, 858.12, 876.88, 848.54, 823.8, 820.18, 848.0, 1895.8, 536.25, 543.73, 550.88, 2252.11, 2262.01, 2265.07, 2260.67, 562.62, 454.65, 462.06, 469.03, 471.62, 467.53, 454.93, 445.89, 443.0, 440.18, 429.37, 421.83, 424.13, 427.95, 428.67, 425.13, 415.56, 426.1, 439.37, 437.98, 512.92, 514.89, 520.98, 535.79, 538.07, 542.07, 546.33, 545.07, 536.87, 531.82, 544.52, 536.15, 548.51, 594.71, 1201.86, 1201.35, 1201.73, 1203.79, 1205.71, 1209.73, 585.92, 601.23, 606.15, 628.46, 614.45, 610.74, 608.1, 593.76, 546.69, 539.42, 569.03, 2314.28, 2310.56, 2288.85, 2262.34, 2263.94, 3839.71, 3817.81, 3744.14, 3654.91, 2557.62, 2523.01, 2461.52, 2422.18, 2408.29, 930.33, 909.62, 903.36, 2103.2, 2107.36, 2101.03, 1496.78, 1455.34, 1407.56, 1001.31, 1003.21, 924.5, 906.43, 850.1, 933.15, 971.38, 893.73, 848.67, 847.41, 913.77, 878.6, 828.68]','2024-08-15 19:33:29.00',0),(37,8,'경상도_드라마_37_와그라는데 진짜','no path','와그라는데 진짜',NULL,'[382.68, 949.66, 389.06, 369.14, 362.27, 354.48, 177.04, 174.46, 172.7, 171.86, 173.45, 176.65, 178.79, 361.75, 363.75, 365.36, 362.24, 355.64, 179.05, 183.28, 188.93, 399.86, 210.26, 212.74, 217.08, 223.4, 228.2, 231.4, 233.7, 238.87, 755.56, 778.95, 799.78, 816.81, 841.96, 862.36, 887.53, 910.4, 932.6, 957.68, 971.52, 1006.52, 684.62, 346.58, 354.06, 369.07, 372.03, 379.57, 391.8, 389.27, 387.35, 384.6, 378.75, 371.53, 357.36, 340.75, 304.45, 301.71, 295.65, 494.43, 479.59, 456.25, 216.01, 209.44, 196.15, 3938.47, 3939.83, 3919.0, 3908.08, 3890.81, 3940.34, 3934.39, 3939.84, 3961.8, 3956.03, 1968.98, 216.31, 214.58, 214.77, 215.2, 217.78, 221.36, 226.24, 228.21, 228.16, 229.81, 242.94, 242.77, 232.72, 223.49, 240.71, 232.28, 2443.87, 2637.99, 2645.43, 2570.44, 2547.37, 1927.73, 461.05, 593.45, 594.18, 745.79, 729.28, 708.6, 689.12, 678.05, 676.67, 677.13, 672.88, 822.39, 820.2, 815.71, 968.47, 807.89, 810.49, 978.47, 975.48, 811.55, 810.0, 811.09, 813.25, 813.16, 815.5, 817.46, 817.98, 1148.32, 1147.42, 1147.0, 1150.92, 1156.23, 1002.88, 1008.47, 1009.5, 676.95, 676.08, 675.54, 673.62, 671.11, 667.82, 661.85, 1307.0, 1299.61, 160.98, 160.62, 159.07, 159.99, 159.78, 158.11, 156.9, 159.53, 169.45, 181.28, 1541.61, 1538.78, 176.95, 175.36, 173.64, 174.21, 170.85, 169.2]','2024-08-15 19:33:29.00',0),(38,8,'경상도_드라마_38_결혼은 와할라하는데','no path','결혼은 와 할라하는데',NULL,'[2153.49, 2736.94, 2753.53, 2286.63, 2823.95, 2840.15, 2835.43, 2842.5, 2837.71, 265.54, 274.21, 280.53, 286.89, 298.49, 308.16, 325.22, 346.78, 356.0, 367.42, 370.75, 356.94, 406.08, 415.42, 421.61, 431.88, 443.43, 452.19, 462.84, 470.5, 473.8, 472.77, 470.13, 466.0, 450.38, 440.05, 435.2, 428.35, 417.1, 393.9, 359.04, 318.54, 285.64, 262.41, 241.25, 228.58, 216.12, 195.86, 187.3, 179.02, 170.72, 164.16, 161.64, 504.35, 511.97, 499.96, 659.13, 822.62, 823.62, 1004.57, 1014.58, 1029.79, 869.28, 887.97, 903.07, 921.62, 944.66, 979.92, 1014.42, 1072.43, 892.45, 926.04, 953.19, 969.53, 755.53, 782.21, 540.93, 548.26, 286.7, 296.93, 302.77, 307.12, 311.91, 318.84, 325.17, 331.93, 687.93, 694.09, 696.71, 697.68, 697.4, 687.36, 684.21, 685.8, 690.74, 701.28, 724.45, 737.65, 748.9, 754.24, 367.78, 377.78, 381.05, 380.15, 384.32, 387.45, 387.36, 386.33, 381.76, 373.72, 370.28, 367.61, 359.21, 352.11, 347.01, 348.72, 290.52, 249.62, 232.79, 218.4, 206.14, 190.22, 176.76, 166.71, 158.35, 281.72, 2924.17, 2062.45, 2051.19, 2028.6, 3053.89, 3047.83, 185.53]','2024-08-15 19:33:29.00',0),(39,8,'경상도_드라마_39_1994_내불편해서그라나','no path','내 불편해서 그라나',NULL,'[225.34, 237.98, 241.0, 140.29, 148.88, 153.58, 166.39, 183.65, 218.74, 143.39, 146.49, 147.63, 787.37, 957.26, 968.64, 922.94, 2961.93, 2967.47, 287.08, 387.1, 396.98, 398.92, 197.42, 184.7, 185.06, 208.27, 396.35, 394.36, 388.31, 385.62, 386.09, 213.98, 1676.79, 2243.68, 1214.46, 242.58, 243.38, 251.95, 259.36, 264.3, 263.6, 253.79, 248.6, 256.22, 259.7, 2312.85, 2308.26, 334.0, 335.44, 338.55, 342.32, 344.54, 343.53, 338.4, 327.58, 322.58, 317.96, 302.52, 284.09, 264.47, 251.82, 239.91, 232.03, 213.41, 211.55, 200.29, 221.51, 218.25, 215.6, 214.29, 211.89, 206.86, 198.04, 188.19, 177.89, 200.1, 200.89, 215.15, 217.18, 205.47, 375.51, 367.72, 168.72, 192.05, 190.67, 187.81, 366.49, 361.03, 352.12, 352.49, 359.71, 362.48, 359.32, 175.81, 351.45, 350.38, 349.5, 345.81, 851.99, 683.14, 689.1, 861.64, 686.78, 170.05, 168.97, 167.73, 166.12, 163.29, 296.73, 298.2, 233.82, 208.98, 198.95, 198.49, 194.71, 3749.05, 3759.69, 3742.61, 3704.53, 3930.97, 1457.72, 1448.15, 3173.74, 3176.75, 3246.49, 3755.93, 3761.5, 3782.83, 3706.98, 3711.67, 3725.31, 3731.39, 3691.13, 3574.48]','2024-08-15 19:33:29.00',0),(40,8,'경상도_드라마_40_근데어제부터궁금했는데','no path','근데어제부터궁금했는데',NULL,'[187.01, 229.62, 255.86, 193.8, 236.02, 207.96, 1243.66, 1237.76, 1221.53, 162.63, 1213.65, 1232.81, 1245.9, 225.48, 210.87, 211.48, 213.66, 215.46, 216.02, 215.97, 212.56, 208.95, 202.45, 378.23, 390.79, 415.16, 446.19, 451.46, 463.29, 470.04, 471.2, 454.34, 432.51, 420.83, 431.42, 444.19, 455.81, 237.73, 242.27, 246.37, 258.75, 280.89, 3031.36, 3408.44, 326.27, 316.15, 309.47, 446.41, 279.63, 263.83, 236.8, 227.08, 209.38, 193.36, 272.91, 280.12, 303.14, 3391.24, 3966.85, 3488.32, 3476.69, 3465.99, 280.11, 269.02, 250.42, 293.65, 160.16, 153.43, 252.58, 803.58, 757.18, 848.53, 834.22, 824.41, 206.39, 231.0, 237.44, 238.69, 238.3, 238.41, 238.15, 238.48, 158.75, 841.2, 844.85, 245.22, 253.82, 251.68, 237.19, 235.06, 245.86, 251.39, 260.64, 279.23, 284.8, 275.79, 187.6, 188.3, 187.7, 189.16, 192.21, 192.73, 192.33, 194.03, 194.86, 195.04, 191.32, 188.7, 187.84, 266.73, 265.07, 255.56, 243.69, 243.16, 242.35, 236.24, 234.02, 154.3, 167.25, 1386.01, 1402.03, 450.43, 449.34, 446.71, 1412.42, 1426.06, 494.26, 498.36, 489.9, 485.71, 484.95, 1458.82, 1393.74, 1435.33, 1391.2, 1379.84, 1377.57, 1357.66, 1355.78, 1365.59, 1371.28, 1362.31, 1351.48, 1351.05, 2191.37, 2183.42, 2160.98, 2174.33, 2232.63]','2024-08-15 19:33:29.00',0),(41,9,'경상도_드라마_41_뭐라도입에빨리집어넣뿌야된다','no path','뭐라도 입에 빨리 집어 넣뿌야된다',NULL,'[176.67, 180.35, 185.79, 192.28, 202.36, 219.48, 233.58, 492.53, 515.73, 541.96, 556.18, 565.72, 574.85, 580.33, 581.3, 579.19, 573.21, 571.44, 589.54, 567.55, 798.97, 773.67, 743.99, 707.78, 685.96, 639.21, 614.31, 608.34, 622.08, 173.27, 635.4, 635.6, 531.09, 520.78, 512.79, 496.73, 489.96, 478.2, 478.84, 422.24, 423.76, 422.68, 470.5, 3273.5, 237.82, 250.62, 257.53, 257.97, 256.02, 243.78, 235.17, 213.27, 240.56, 486.72, 484.89, 481.54, 637.81, 621.21, 608.02, 607.92, 417.76, 418.4, 432.73, 1591.05, 3850.57, 3846.33, 659.41, 663.81, 657.16, 733.16, 809.33, 819.28, 821.58, 821.55, 815.21, 807.82, 525.67, 522.4, 514.1, 495.96, 485.82, 477.53, 472.55, 462.32, 438.84, 423.83, 423.25, 425.25, 447.01, 1976.03, 3517.57, 3124.56, 3136.14, 3175.29, 3200.01, 3216.89, 241.98, 240.71, 237.07, 216.96, 208.5, 206.74, 210.56, 430.48, 428.62, 419.78, 408.12, 380.88, 380.61, 374.41, 184.08, 170.15, 168.95, 166.46, 180.52, 185.01, 190.22, 195.73, 205.42, 216.3, 225.7, 230.91, 235.29, 486.54, 486.47, 484.93, 488.74, 255.99, 239.24, 235.18, 3609.44, 3630.63, 3861.79, 3848.38, 3846.1, 487.17, 486.97, 203.59, 363.91, 373.24, 376.57, 335.98, 328.52, 486.66, 480.82, 477.61, 473.05, 306.15, 593.45, 573.46, 559.52, 701.57, 701.49, 692.43, 680.17, 675.69, 802.14, 794.6, 1866.49, 1872.16, 1897.56, 159.42, 1895.68, 3673.37, 3643.5, 3632.8, 2064.29, 3703.71, 2593.08, 2651.28, 2490.6, 2505.58, 2507.14, 2489.22, 2511.23, 3314.91, 3290.65, 2255.86, 2247.68, 2234.95, 2199.79, 200.82, 187.17, 174.87, 170.18, 164.09, 163.57, 160.5, 159.06, 1088.19, 1830.53, 1845.12]','2024-08-15 19:33:29.00',0),(42,9,'경상도_드라마_42_서울사람들은그런거잘안먹드라','no path','서울 사람들은 그런거 잘 안먹드라',NULL,'[162.48, 221.52, 160.75, 230.28, 231.9, 233.31, 169.62, 163.54, 166.05, 3941.26, 3933.05, 3929.88, 3732.47, 3800.98, 3807.76, 3814.41, 2015.04, 2023.06, 1848.62, 472.66, 296.56, 303.11, 300.99, 304.85, 311.68, 322.48, 329.59, 339.0, 348.22, 349.97, 353.56, 357.88, 356.02, 352.18, 353.57, 348.82, 3980.76, 3733.71, 3729.27, 3317.5, 1734.16, 3322.58, 3258.89, 3278.61, 233.12, 220.35, 210.71, 204.5, 193.43, 185.27, 183.54, 179.85, 177.3, 177.52, 175.64, 171.26, 167.15, 164.25, 160.51, 164.71, 173.66, 296.66, 302.15, 299.4, 293.9, 290.77, 296.56, 298.09, 294.49, 153.85, 154.33, 289.37, 245.69, 185.66, 1357.98, 1357.33, 1351.19, 1463.56, 1454.47, 1431.89, 1750.16, 213.16, 197.05, 185.17, 210.13, 452.73, 227.04, 227.25, 228.27, 227.37, 217.91, 212.02, 212.45, 208.86, 194.71, 185.17, 181.9, 350.4, 342.98, 341.37, 162.83, 2180.7, 2342.71, 3755.71, 3122.73, 2987.47, 2988.55, 1856.44, 1869.25, 933.39, 915.45, 916.57, 1687.81, 1685.85, 981.49, 990.39, 984.66, 987.8, 989.8, 935.66, 983.62, 168.49, 164.98, 167.81, 168.03, 167.76, 168.44, 169.2, 169.8, 170.29, 171.95, 176.32, 180.3, 179.92, 172.85, 164.52, 160.81, 164.22, 176.97, 1963.17, 3569.14, 3684.36, 1670.93, 1668.91, 296.86, 449.85, 539.36, 555.52, 563.64, 282.51, 276.27, 291.82, 298.94, 565.91, 783.79, 748.17, 682.81, 204.62, 185.2, 166.93, 160.44, 1642.84, 1642.66, 1675.11, 1690.37, 3985.06, 3982.18, 165.53, 3864.54, 187.2, 224.2, 162.11, 166.6, 161.82, 226.93, 161.26, 152.73, 181.58, 200.12, 160.89, 156.8, 153.36, 164.45]','2024-08-15 19:33:29.00',0),(43,9,'경상도_드라마_43_앞뒤가딱딱맞아야되나','no path','_앞뒤가 딱딱 맞아야되나',NULL,'[647.1, 288.23, 1571.17, 1582.24, 1455.92, 1446.79, 1457.17, 1476.23, 1013.49, 723.33, 734.24, 739.71, 737.87, 324.44, 302.5, 277.2, 275.79, 3103.76, 3144.47, 3124.13, 3079.14, 3048.43, 299.49, 655.55, 656.09, 643.37, 630.53, 619.7, 265.96, 632.4, 643.47, 629.23, 725.12, 707.29, 699.12, 695.66, 703.72, 709.42, 1061.69, 1047.74, 1047.38, 1062.13, 681.53, 835.85, 807.61, 780.45, 762.08, 745.99, 729.63, 721.82, 673.3, 651.97, 316.46, 316.96, 1276.74, 1322.22, 1336.12, 1040.13, 1084.18, 1122.4, 1188.14, 1200.29, 769.78, 812.9, 1132.87, 1115.89, 823.57, 846.63, 832.23, 793.68, 743.97, 704.24, 648.33, 611.09, 580.47, 545.91, 530.75, 513.91, 227.17, 219.85, 683.01, 675.33, 659.34, 648.66, 628.46, 608.23, 598.61, 577.3, 192.28, 188.0, 190.62, 191.69, 180.32, 184.1, 169.84, 178.76, 1325.89, 168.4, 174.83, 171.51, 165.55, 167.1, 165.02, 158.72, 161.91]','2024-08-15 19:33:29.00',0),(44,9,'경상도_드라마_44_연애는무슨-고마-친구다','no path','연애는 무슨 고마 친구다',NULL,'[184.7, 172.86, 168.76, 167.97, 168.7, 169.12, 168.77, 169.39, 169.44, 169.75, 170.66, 171.73, 173.4, 176.48, 181.16, 184.24, 192.88, 205.84, 216.53, 236.85, 250.13, 556.05, 567.88, 652.85, 698.77, 387.62, 428.92, 450.29, 469.12, 543.43, 551.15, 547.06, 535.09, 499.47, 456.55, 398.62, 355.16, 320.03, 290.32, 265.52, 240.27, 223.3, 204.32, 190.39, 190.36, 187.2, 180.28, 161.58, 1750.29, 1756.55, 1784.15, 1745.57, 155.49, 1783.79, 300.95, 302.85, 300.07, 288.16, 277.39, 271.49, 261.82, 258.47, 239.13, 156.1, 152.6, 2718.85, 2707.48, 2708.26, 160.19, 168.52, 795.87, 796.74, 679.83, 641.56, 645.54, 652.76, 654.76, 168.07, 171.69, 173.63, 559.82, 736.09, 749.03, 765.92, 778.07, 777.4, 622.89, 188.88, 191.77, 589.01, 3986.44, 3983.37, 3939.45, 3935.28, 3859.0, 319.44, 324.94, 329.65, 332.39, 332.21, 332.67, 335.61, 339.11, 338.84, 332.07, 329.25, 352.27, 634.46, 626.5, 1174.49, 558.61, 544.07, 488.75, 471.06, 482.57, 574.87, 557.62, 571.55, 709.24, 693.99, 678.18, 654.98, 1427.03, 784.47, 770.9, 766.7, 1488.07, 1316.67, 726.86, 1431.05, 1429.68, 1419.5, 1408.53, 1418.61]','2024-08-15 19:33:29.00',0),(45,9,'경상도_드라마_45_오바하지마라잉','no path','오바하지마라잉',NULL,'[187.91, 186.09, 201.08, 200.09, 200.62, 196.17, 206.88, 278.99, 284.21, 288.1, 192.19, 196.96, 198.27, 194.8, 195.24, 197.64, 194.29, 192.54, 518.15, 538.54, 287.3, 303.33, 466.53, 326.56, 329.77, 335.62, 342.18, 338.19, 341.1, 352.51, 361.48, 779.83, 594.64, 597.21, 987.96, 970.15, 1115.99, 1094.04, 1060.69, 1030.53, 1166.05, 815.54, 957.2, 788.93, 631.76, 322.64, 322.5, 311.0, 251.24, 3962.64, 3876.12, 3883.7, 3888.84, 2872.48, 307.47, 304.85, 304.27, 311.36, 325.37, 326.2, 1132.48, 1143.08, 1151.68, 1158.04, 1164.36, 1167.1, 829.82, 829.03, 828.63, 836.69, 633.83, 627.13, 609.46, 637.34, 662.41, 649.23, 633.32, 828.36, 658.38, 650.71, 847.46, 841.73, 837.77, 1545.66, 1525.62, 1723.52, 1824.26, 1831.39, 1844.96, 612.2, 627.55, 632.94, 638.48, 652.81, 2250.92, 2269.75, 225.82, 225.07, 235.04, 267.79, 237.7, 247.46, 260.59, 186.3, 223.89, 214.35, 211.93, 300.36, 290.69, 310.08, 277.28, 273.11, 3116.33, 3120.34, 3138.56, 2991.01, 2984.93]','2024-08-15 19:33:29.00',0),(46,10,'경상도_영화_1_바람_보면안되나','no path','보면 안되나',NULL,'[318.86, 238.93, 198.74, 220.11, 217.73, 382.52, 360.53, 311.14, 364.44, 300.51, 298.14, 303.3, 320.99, 340.82, 349.39, 361.4, 362.44, 503.94, 625.92, 602.94, 583.75, 550.15, 599.68, 576.54, 546.7, 216.46, 218.29, 217.25, 220.11, 220.3, 223.7, 242.6, 303.74, 486.56, 509.63, 520.0, 520.9, 345.7, 359.15, 364.15, 361.88, 673.55, 640.37, 618.25, 601.05, 583.15, 565.3, 574.77, 602.18, 628.34, 510.86, 519.9, 540.29, 566.83, 584.54, 209.99, 237.99, 253.94, 243.02, 237.19, 214.16, 233.75, 254.97, 238.91, 255.35, 231.73, 210.74, 194.89]','2024-08-15 19:33:29.00',0),(47,10,'경상도_영화_2_바람_와이라노','no path','와이라노',NULL,'[535.76, 556.63, 577.61, 585.64, 248.5, 260.62, 278.48, 293.97, 302.8, 324.13, 546.86, 588.37, 611.59, 435.46, 691.82, 240.3, 252.18, 258.72, 264.78, 274.54, 278.45, 280.66, 292.49, 319.92, 320.16, 288.43, 275.04, 276.65, 304.01, 302.32, 274.42, 256.49, 238.7, 229.9, 199.98, 205.12, 197.27, 192.57, 269.45, 272.38, 531.72, 257.14, 182.23, 206.27, 231.49]','2024-08-15 19:33:29.00',0),(48,10,'경상도_영화_3_범죄와의전쟁_나도 가오가 있다 아이가','no path','나도 가오가 있다아이가',NULL,'[1928.5, 1954.52, 1955.72, 1774.9, 1768.64, 1762.04, 1829.95, 1816.46, 1925.25, 1922.9, 1924.35, 1818.35, 212.32, 393.65, 185.12, 239.79, 240.15, 279.15, 284.53, 374.84, 254.6, 236.75, 184.03, 191.14, 183.32, 184.19, 300.21, 302.33, 302.43, 296.04, 280.71, 389.71, 310.93, 305.64, 275.21, 296.39, 307.26, 1029.17, 1156.42, 1146.53, 838.37, 269.4, 256.45, 251.13, 252.58, 265.15, 577.7, 306.15, 153.62, 567.88, 587.09, 518.85, 531.66, 539.6, 545.36, 371.69, 368.25, 361.6, 349.37, 333.05, 324.82, 315.37, 300.01, 276.31, 508.84, 488.21, 452.49, 446.83, 443.1, 335.33, 330.68, 317.55, 292.44, 258.96, 319.35, 233.2, 327.58, 328.24, 329.61, 331.65, 340.85, 354.28, 331.2, 309.42, 308.12, 556.06, 557.04, 539.19, 556.45, 540.25, 516.38, 507.91, 472.17, 283.34, 289.53, 302.98, 304.78, 303.86, 303.93, 356.48, 354.19, 346.38, 335.82, 430.16, 450.47, 564.2, 561.42, 558.34, 565.83, 581.38, 1312.17, 1308.18, 1265.61, 1245.85, 1268.62, 1289.79, 1259.6, 1268.02, 1236.15, 1225.15, 1288.71, 1268.3, 1268.78, 1286.77, 1253.54, 1241.6, 1268.22, 1427.95, 1347.11, 1341.91, 1337.99, 1325.38, 1313.62, 1294.0, 1287.26, 1311.0, 1866.25, 1874.67, 1857.23, 1919.67, 1924.79, 1924.61, 1917.21, 2129.59, 2186.87, 1847.72, 1949.86, 1947.39, 1949.31, 1849.35, 1732.92, 1711.78, 1688.84, 1722.18, 1542.73, 1539.21, 1536.14, 1527.58, 1528.91, 1534.41, 1537.12, 1937.19, 1736.36, 1884.31, 1948.3, 1974.69, 1970.96, 1819.27, 1986.26, 2038.82, 1873.2, 1997.18]','2024-08-15 19:33:29.00',0),(49,10,'경상도_영화_4_범죄와의전쟁_이제 곧 추석인데, 니 동생 고향집에 굴비 세트라도 하나 사가게 내 용돈 좀 챙겨주이소','no path','이제 곧 추석인데 이 동생 고향집에 굴비세트라도 하나 사가게 내 용돈좀 챙겨주이소',NULL,'[308.76, 253.84, 249.14, 231.75, 301.88, 285.97, 226.7, 304.52, 298.57, 202.27, 214.22, 233.85, 245.77, 260.85, 279.19, 306.59, 324.61, 333.4, 343.9, 345.84, 332.73, 327.71, 303.29, 281.79, 267.62, 253.76, 239.25, 324.16, 336.57, 256.09, 249.09, 271.08, 2339.48, 2234.53, 2253.69, 1661.53, 1689.96, 2725.09, 2717.55, 2709.29, 2761.99, 193.33, 188.65, 192.63, 202.01, 203.04, 200.36, 199.68, 205.87, 216.28, 226.31, 230.19, 224.86, 400.03, 374.33, 330.93, 286.56, 258.29, 244.33, 211.44, 201.62, 192.58, 284.05, 266.18, 256.41, 240.89, 232.64, 224.82, 218.17, 210.93, 203.51, 177.29, 235.37, 252.13, 162.4, 175.21, 165.27, 1519.98, 1555.01, 1543.78, 1538.76, 1543.76, 1563.36, 1566.29, 1578.4, 1624.96, 1543.85, 1559.65, 1572.86, 1483.91, 1489.92, 1498.08, 1549.66, 1554.41, 225.22, 268.53, 259.3, 219.46, 270.75, 250.58, 269.23, 287.13, 296.11, 293.46, 272.25, 250.14, 257.93, 344.35, 236.46, 240.25, 235.29, 238.14, 242.93, 251.06, 255.3, 256.67, 256.3, 254.59, 254.93, 262.98, 273.43, 329.99, 345.99, 362.83, 371.48, 357.46, 348.56, 333.19, 323.8, 309.86, 277.56, 255.11, 234.33, 234.32, 857.34, 282.58, 285.09, 303.05, 319.63, 331.82, 347.86, 368.12, 376.81, 380.07, 393.64, 397.96, 398.52, 403.0, 398.66, 399.98, 397.17, 388.15, 391.16, 180.11, 3204.7, 3239.02, 3371.76, 3490.57, 305.25, 293.9, 280.56, 269.15, 255.28, 239.36, 228.12, 226.63, 339.13, 335.34, 328.62, 325.76, 422.84, 419.33, 421.18, 503.41, 495.24, 490.72, 474.42, 556.0, 548.39, 538.75, 518.19, 499.03, 518.02, 508.47, 505.79, 507.31, 508.18, 512.79, 513.65, 515.17, 512.48, 502.63, 415.83, 724.32, 679.45, 570.45, 567.78, 260.61, 399.42, 434.55, 351.06, 348.13, 358.31, 386.77, 211.71, 217.61, 223.67, 220.07, 216.08, 215.94, 217.75, 224.35, 225.79, 219.78, 207.58, 183.9, 324.39, 3658.38, 3659.77, 3816.96, 3651.9, 3763.35, 3993.13, 3810.65, 1520.44, 213.55, 407.88, 397.8, 252.34, 252.4, 411.95, 401.03, 1284.95, 1376.45, 1270.81, 1268.01, 471.72, 458.55, 462.65, 460.52, 440.48, 427.69, 498.25, 481.08, 459.07, 442.76, 432.16, 370.4, 358.96, 423.64, 422.67, 3868.62, 3788.69, 3791.85, 3947.09, 3823.8, 3811.17, 3800.04, 693.79, 703.84, 697.24, 703.42, 702.98, 696.73, 702.94, 708.7, 712.31, 717.34, 3969.31, 3921.87, 3791.96, 3960.0, 3972.56, 3922.41, 3974.42, 3961.61, 3937.63, 3930.22, 3938.5, 1369.75, 1304.7, 1334.89, 1216.14, 1264.0, 1284.85, 1173.96, 1183.39, 1194.54, 1188.93, 678.3, 695.04, 716.69, 576.2, 518.82, 544.98, 459.25, 474.34, 381.23, 264.99, 269.64, 272.71, 280.52, 286.33, 286.41, 279.46, 260.47, 251.42, 460.44, 475.41, 449.72, 452.49, 466.37, 463.05, 1577.82, 1575.34, 1546.29, 1567.55, 1562.41, 1558.61, 1572.02, 1537.03, 1536.32, 1631.96, 1508.73, 1502.8, 1522.93, 1521.74, 1528.9, 1438.68, 1419.17, 1403.05, 1389.81, 1380.33, 1385.2, 1382.91, 1383.66, 1327.2, 153.07, 234.17, 257.88, 240.07, 230.56, 286.16, 276.66, 229.57, 220.85, 236.47, 248.23, 256.5, 260.65, 260.86, 256.88, 248.72, 236.1, 213.12, 289.71, 285.13, 280.78, 274.71, 268.32, 262.64, 254.79, 260.68, 260.72, 347.78, 223.63, 335.25, 231.09, 240.31, 256.29, 268.3, 280.78, 182.88, 204.35, 241.17, 261.51, 265.85, 256.32, 244.28, 238.72, 233.15, 227.38, 226.88, 236.05, 2862.07, 2881.18, 2861.56, 1752.45, 1607.43, 1590.06, 227.31, 442.06, 444.25, 450.17, 459.52, 229.79, 237.53, 241.2, 240.63, 235.27, 231.42, 234.89, 233.25, 218.76, 190.23, 169.44, 274.6, 248.86, 232.42, 230.89, 231.85, 233.23, 236.78, 244.58, 254.69, 259.6, 268.09, 294.35, 322.5, 334.11, 205.78, 206.26, 3086.88, 3089.79, 3240.93, 3232.43, 262.99, 315.17, 326.07, 327.38, 322.48, 307.99, 554.02, 506.1, 516.34, 452.01, 490.04, 501.94, 490.35, 521.53, 535.26, 546.01, 845.69, 845.66, 846.93, 656.0, 657.08, 660.88, 659.81, 682.01, 769.77, 3478.44, 3480.95, 3480.63, 3420.8, 3479.41, 3452.09, 3550.84, 3570.78]','2024-08-15 19:33:29.00',0),(50,10,'경상도_영화_5_변호인_아이고 뭐 저 주시라도 드실랍니까','no path','아이고 뭐 저 주시라도 드실랍니까',NULL,'[2421.94, 2411.94, 2415.01, 2414.03, 2388.32, 2456.4, 2449.62, 2459.03, 2493.18, 2500.56, 2041.46, 3564.77, 213.12, 217.93, 214.71, 210.05, 208.28, 210.92, 1968.69, 1965.12, 1979.13, 209.18, 208.08, 177.4, 211.23, 161.72, 206.42, 175.95, 187.29, 194.95, 237.24, 228.83, 166.21, 160.5, 213.97, 196.92, 265.05, 341.74, 180.81, 208.88, 611.01, 620.07, 305.14, 743.08, 983.44, 747.52, 752.18, 255.95, 260.61, 268.55, 274.88, 280.28, 286.22, 286.43, 282.87, 275.41, 264.32, 255.55, 252.87, 254.46, 262.48, 273.09, 267.51, 263.47, 258.52, 253.78, 250.57, 246.45, 240.13, 239.24, 237.58, 236.48, 234.14, 231.93, 228.96, 222.23, 445.52, 444.73, 446.77, 448.75, 450.29, 452.77, 451.91, 452.05, 451.28, 450.22, 448.62, 446.54, 444.17, 660.15, 657.47, 653.88, 428.66, 423.58, 408.42, 395.98, 403.63, 396.29, 377.54, 191.51, 194.25, 205.95, 221.02, 240.46, 238.28, 447.99, 443.84, 441.59, 432.05, 419.67, 410.8, 401.97, 399.83, 400.97, 395.75, 394.54, 393.06, 392.14, 390.77, 387.01, 382.67, 575.54, 582.58, 400.53, 412.39, 424.32, 435.09, 291.95, 290.62, 279.41, 255.33, 235.81, 1704.97, 1698.05, 1838.81, 1825.28, 1852.36, 1854.04, 1808.15, 1804.33, 1813.25, 1845.42, 1754.1, 1731.0, 1693.31, 251.42, 258.76, 257.99, 251.39, 241.29, 255.75, 264.96, 161.75, 282.23, 261.11, 244.85, 3752.09, 3913.62, 3724.89, 3960.92, 3958.72, 3962.12, 3869.73, 338.0, 339.32, 341.87, 347.7, 351.37, 357.41, 367.08, 368.96, 3978.1, 3889.2, 3891.16, 3894.24, 3926.34, 3930.76, 3945.81, 3285.8, 370.93, 354.99, 336.33, 326.51, 321.56, 317.2, 311.09, 302.87, 295.6, 1750.81, 1747.12, 1925.84, 810.33, 794.72, 781.13, 769.02, 755.51, 747.09, 1713.13, 1445.83, 1429.0, 1605.43, 720.35, 1447.65, 401.8, 395.44, 381.3, 378.11, 422.03, 423.84, 418.62, 616.48, 608.45, 599.0, 587.52, 582.19, 574.41, 563.66, 557.96, 555.52, 547.36, 549.26, 556.28, 1275.46, 1281.64, 1276.79, 534.61, 527.68, 511.9, 337.24, 350.42, 347.1, 376.99, 329.94, 342.26, 327.53, 287.56, 287.71, 283.5, 277.47, 250.7, 231.3, 232.61, 3993.93, 3907.95, 3890.48, 3102.39, 3086.43, 262.8, 242.26, 240.58, 239.68, 234.7, 230.83, 233.64, 724.93, 726.73, 712.99, 701.17, 1620.25, 446.05, 229.93, 229.78, 230.18, 236.72, 258.53, 264.02, 258.45, 251.32, 243.5, 233.86, 414.52, 393.72, 373.68, 238.28, 232.53, 226.73, 213.06, 232.17, 239.66, 244.2, 389.39, 516.19, 580.57, 350.6, 656.89, 646.0, 773.86, 1469.32, 1470.58, 1459.13, 1463.22, 169.54, 191.92, 199.7, 196.11, 193.97, 193.19, 190.08, 181.02, 180.05, 231.03, 228.6, 235.45, 166.79, 275.78, 269.3]','2024-08-15 19:33:29.00',0),(51,11,'경상도_영화_6_변호인_이 집을 꼭 사야하는 뭔 사연이라도 있는갑지예','no path','이 집을 꼭 사야하는 뭔 사연이라도 있는갑지예',NULL,'[197.57, 232.62, 228.1, 235.14, 156.73, 184.93, 273.33, 238.03, 210.41, 212.85, 233.46, 170.6, 164.17, 158.89, 214.52, 441.52, 439.96, 385.02, 371.07, 332.17, 230.42, 237.7, 241.13, 245.97, 251.82, 255.3, 255.62, 255.09, 253.23, 240.44, 230.0, 213.65, 269.8, 260.23, 251.4, 214.12, 3384.13, 3888.6, 3215.57, 3235.69, 3239.69, 3221.92, 326.8, 329.57, 336.93, 348.74, 352.3, 356.84, 314.3, 318.63, 329.79, 348.41, 344.15, 338.2, 333.44, 325.42, 313.36, 308.42, 300.58, 285.32, 283.9, 280.53, 276.2, 278.32, 261.86, 265.38, 270.06, 282.39, 840.67, 1119.14, 1015.47, 1035.53, 1033.23, 308.31, 475.25, 489.52, 481.39, 699.83, 443.04, 427.06, 414.73, 480.43, 1044.88, 1059.78, 1204.28, 1572.45, 3864.81, 3861.54, 1725.9, 1708.47, 281.03, 284.83, 287.12, 291.52, 298.5, 1798.57, 2089.52, 590.38, 589.32, 302.05, 301.39, 299.79, 299.55, 302.58, 306.55, 312.22, 626.97, 633.57, 320.7, 324.6, 328.08, 329.14, 326.32, 326.82, 330.61, 331.91, 313.74, 300.82, 288.11, 287.46, 284.68, 282.0, 278.11, 272.87, 265.59, 261.82, 1750.8, 1720.6, 249.84, 698.93, 686.69, 678.84, 665.91, 441.39, 436.15, 427.99, 420.88, 416.73, 420.02, 419.95, 413.87, 405.67, 398.65, 393.77, 400.73, 411.14, 261.06, 237.5, 232.03, 218.35, 207.97, 206.03, 206.88, 204.71, 2498.9, 2486.98, 2487.35, 2466.81, 2455.72, 3995.88, 3992.52, 3976.48, 3937.43, 171.11, 155.32, 281.01, 265.41, 241.94, 250.4, 192.72, 332.78, 326.72, 252.12, 244.94, 229.27, 413.06, 415.0, 417.13, 420.06, 424.27, 431.03, 436.95, 221.52, 224.45, 225.85, 224.25, 432.03, 414.39, 398.73, 398.24, 3942.67, 3940.05, 3017.16, 3012.05, 289.2, 285.68, 282.96, 276.79, 275.43, 279.77, 285.69, 599.57, 606.17, 611.48, 615.51, 619.82, 622.83, 622.35, 310.7, 304.41, 302.32, 301.63, 303.48, 318.61, 325.16, 319.32, 323.22, 634.39, 624.64, 618.93, 614.58, 606.97, 586.86, 565.19, 280.23, 276.19, 229.71, 224.35, 268.79, 278.19, 370.31, 363.62, 359.93, 356.81, 352.54, 346.78, 168.03, 170.76, 168.74, 168.26, 171.61, 177.99, 358.56, 371.46, 379.54, 380.75, 375.75, 377.5, 380.37, 386.41, 391.44, 397.54, 400.93, 412.41, 419.06, 414.29, 212.59, 255.99, 744.73, 747.93, 754.13, 766.49, 768.46, 766.6, 515.0, 497.37, 814.19, 767.83, 272.57, 419.43, 3688.98, 3754.49, 3986.24, 3955.07, 3948.0, 3943.16, 3941.14, 3933.28, 269.01, 259.03, 423.33, 401.39, 382.63, 362.63, 354.8, 528.96, 519.78, 515.29, 515.76, 517.99, 171.83, 170.12, 167.8, 660.29, 652.93, 647.48, 640.31, 637.01, 633.25, 632.82, 635.88, 649.05, 658.31, 168.25, 174.6, 181.52, 188.7]','2024-08-15 19:33:29.00',0),(52,11,'경상도_영화_7_짱구오늘첫날이재','no path','짱구 오늘 첫 날이제',NULL,'[2905.44, 3235.44, 3252.04, 2924.31, 3302.0, 3398.45, 3431.5, 3528.07, 3525.12, 507.83, 498.89, 492.53, 489.41, 489.21, 487.55, 489.78, 369.17, 372.17, 495.8, 496.61, 494.97, 356.1, 349.37, 226.7, 434.3, 432.25, 437.36, 438.04, 434.57, 426.55, 505.12, 489.66, 473.33, 530.05, 521.38, 510.39, 502.69, 491.34, 542.51, 535.75, 540.36, 523.74, 515.74, 221.83, 152.82, 222.95, 181.21, 210.24, 215.93, 181.12, 170.31, 1640.16, 1634.93, 1642.7, 1623.8, 1663.48, 554.37, 555.24, 553.45, 551.53, 550.38, 550.32, 551.23, 1660.92, 1659.14, 1657.46, 270.18, 266.78, 278.36, 271.48, 276.5, 157.72, 158.08, 274.66, 193.07, 3314.87, 3306.97, 2378.74, 2388.48, 2274.98, 3093.55, 3253.92, 816.39, 766.91, 756.19, 275.92, 284.91, 222.37, 213.39, 210.57, 212.64, 208.68, 208.65, 208.8, 208.63, 207.53, 206.75, 204.95, 201.03, 190.23, 176.07, 2563.38, 2466.71, 2812.4, 2680.28, 2619.57, 2600.79, 2618.47, 560.22, 535.77, 524.99, 520.13, 516.15, 514.94, 519.78, 402.14, 404.12, 403.94, 2159.68, 2157.76, 2691.76, 534.08, 526.03, 520.42, 514.93, 509.27, 497.64, 493.86, 506.6, 215.21, 206.66, 197.12, 190.85, 180.1, 174.18, 168.2, 158.99, 212.54, 3750.54, 3755.07, 3432.4, 3451.32, 177.92, 177.81, 168.69, 165.22, 163.74, 162.37, 160.93, 158.88, 157.29, 158.85, 159.99, 158.34, 173.42, 176.47, 205.1, 1676.02, 1102.93, 1099.98, 1102.32, 1104.03, 1103.44, 1104.01, 1105.91, 1106.02, 1105.97]','2024-08-15 19:33:29.00',0),(53,11,'경상도_영화_8_임마는학술적으로도분석이','no path','임마는 학술적으로도 분석이 안된단다',NULL,'[207.83, 211.17, 210.04, 193.9, 186.55, 212.65, 167.0, 181.75, 184.62, 178.04, 165.69, 192.11, 262.29, 264.05, 280.74, 287.93, 291.9, 297.36, 301.78, 205.35, 209.29, 209.73, 739.62, 747.63, 751.93, 538.9, 323.66, 313.52, 315.19, 315.52, 311.64, 309.82, 295.78, 558.4, 546.51, 538.69, 531.56, 520.57, 686.16, 801.31, 822.93, 817.51, 940.5, 941.34, 950.29, 965.15, 974.53, 934.7, 680.99, 672.75, 651.97, 741.85, 3445.48, 3407.6, 3200.54, 3187.01, 3190.63, 3187.9, 3174.96, 3488.51, 3121.55, 3163.3, 239.33, 279.89, 294.89, 293.85, 286.5, 282.32, 278.86, 277.92, 277.91, 274.59, 267.97, 261.85, 254.56, 244.76, 250.51, 256.04, 244.67, 237.84, 229.26, 439.17, 425.53, 412.67, 395.2, 381.88, 377.85, 720.71, 357.07, 356.59, 355.09, 348.26, 971.81, 232.14, 241.32, 948.95, 980.83, 981.58, 963.93, 958.15, 964.99, 960.11, 310.9, 303.34, 276.04, 206.32, 210.33, 422.04, 428.91, 439.69, 396.04, 452.17, 447.29, 423.52, 188.99, 207.27, 247.28, 163.39, 223.11, 217.55, 214.7, 285.25, 335.58, 222.86, 226.36, 231.69, 237.41, 246.42, 254.66, 258.04, 257.41, 257.09, 257.83, 258.87, 261.2, 258.07, 251.98, 240.82, 230.4, 319.94, 302.41, 287.0, 277.34, 260.79, 2272.4, 2270.33, 2292.74, 353.66, 427.25, 443.5, 477.66, 522.91, 543.9, 562.87, 652.98, 659.8, 686.65, 695.54, 548.21, 543.51, 418.27, 407.55, 279.24, 290.53, 293.18, 319.62, 1365.82, 458.65, 449.36, 443.9, 442.38, 289.3, 281.06, 302.51, 306.34, 354.83, 304.33, 474.9, 505.78, 538.21, 548.36, 533.8, 530.29, 526.06, 519.6, 515.82, 309.81, 287.35, 285.14, 289.94, 1329.33, 1320.47, 509.6, 516.93, 533.22, 525.04, 525.61, 521.78, 519.13, 748.68, 751.41, 774.65, 796.54, 807.7, 765.26, 764.69, 1122.89, 1107.29, 1119.92, 1119.76, 3404.48, 3398.55, 1567.74, 1595.54, 1595.73, 1537.54, 1537.66, 1522.08, 1683.97, 1693.66, 1659.81, 1853.85, 1848.55, 1826.4, 1805.56, 1977.01, 1972.03]','2024-08-15 19:33:29.00',0),(54,11,'경상도_영화_9_그게다내탓이가','no path','그게 다 내탓이가',NULL,'[1511.4, 1577.64, 1577.31, 1573.5, 417.47, 274.09, 278.98, 291.22, 308.03, 319.56, 329.16, 345.38, 361.98, 379.85, 397.02, 409.52, 402.77, 349.13, 213.1, 207.55, 349.17, 365.83, 326.94, 333.25, 336.41, 574.25, 587.77, 1599.62, 1570.06, 1481.85, 922.61, 918.42, 1571.71, 1563.31, 1546.29, 210.45, 204.75, 202.02, 210.46, 212.08, 216.28, 234.38, 253.43, 264.77, 300.97, 319.84, 345.53, 364.41, 579.2, 611.78, 450.4, 473.05, 499.01, 518.03, 560.68, 561.06, 492.53, 656.06, 517.47, 640.44, 492.98, 502.17, 514.71, 563.2, 499.68, 501.3, 500.78, 478.65, 923.93, 772.35, 778.64, 773.66, 506.31, 496.05, 242.1, 233.64, 3435.33, 3420.82, 3917.87, 2903.73, 3987.42, 3984.06, 3774.11, 3778.34, 3494.47, 2103.55, 2100.45, 2101.41, 3461.12, 3684.85, 3690.99, 3721.13, 3551.35, 3561.2, 758.72, 1343.76, 943.04, 911.13, 875.64, 865.19, 854.11, 939.07, 954.87, 984.63, 980.04, 942.74, 916.79, 911.48, 909.97, 895.98, 937.53, 1326.18, 1332.01, 1338.68, 1314.05, 204.22]','2024-08-15 19:33:29.00',0),(55,11,'경상도_영화_10_맞나아이가','no path','맞나아이가',NULL,'[188.43, 233.32, 259.54, 195.95, 203.21, 209.85, 557.04, 568.11, 588.5, 608.54, 627.27, 655.76, 277.16, 284.4, 287.11, 288.25, 298.79, 313.39, 320.18, 316.32, 310.23, 307.42, 309.38, 297.74, 277.49, 656.22, 636.68, 622.93, 608.41, 593.36, 581.58, 3324.4, 3314.75, 3319.42, 3363.66, 3402.3, 3331.3, 3335.37, 3355.06, 258.36, 262.73, 266.17, 264.52, 258.69, 254.89, 255.39, 3476.01, 3468.19, 3442.99, 501.5, 3396.34, 3419.6, 559.77, 544.22, 611.06, 602.27, 587.96, 633.46, 718.35, 930.06, 938.33, 213.1]','2024-08-15 19:33:29.00',0),(56,12,'경상도_영화_11_범인은도사가잡형잡','no path','범인은 도사가 잡는게 아이고 형사가 잡는기다',NULL,'[230.22, 985.22, 966.2, 164.17, 168.6, 166.0, 182.74, 182.12, 1774.57, 1787.59, 749.81, 788.84, 442.97, 432.33, 413.79, 412.08, 416.81, 420.63, 421.46, 425.42, 331.32, 337.14, 344.77, 349.7, 249.16, 262.18, 278.12, 287.28, 316.83, 333.91, 346.23, 358.21, 191.22, 199.44, 215.89, 229.79, 231.42, 243.09, 251.4, 245.52, 245.07, 248.39, 254.11, 257.33, 263.18, 261.5, 262.64, 261.82, 261.94, 260.01, 251.63, 254.52, 263.58, 261.2, 240.32, 282.83, 267.3, 277.02, 204.86, 3025.09, 2981.98, 3064.38, 239.02, 466.36, 461.0, 462.91, 400.73, 430.15, 436.1, 434.23, 426.13, 421.88, 424.67, 413.56, 418.5, 425.33, 648.6, 679.59, 579.1, 586.59, 588.98, 593.43, 651.9, 648.19, 669.17, 728.49, 728.03, 729.17, 750.11, 540.05, 549.55, 553.37, 547.71, 544.48, 546.76, 553.79, 540.12, 1401.98, 559.47, 536.55, 602.13, 613.02, 570.54, 568.45, 541.57, 532.22, 585.14, 231.85, 230.19, 233.99, 234.12, 233.02, 238.02, 236.56, 361.51, 363.49, 367.97, 374.14, 380.19, 376.54, 376.62, 250.12, 247.71, 361.05, 353.37, 359.72, 414.18, 425.7, 590.63, 595.63, 600.47, 613.48, 511.22, 416.83, 416.75, 420.68, 422.35, 422.64, 376.31, 379.42, 369.94, 375.97, 376.69, 392.07, 385.47, 371.19, 366.45, 374.61, 1859.73, 1890.14, 1912.93, 3036.07, 2954.28, 2952.45, 3031.67, 3198.25, 517.65, 508.33, 480.54, 593.98, 347.34, 339.26, 333.0, 338.92, 337.82, 347.11, 360.39, 373.15, 372.49, 370.95, 378.72, 375.94, 253.24, 166.89, 189.15, 194.13, 206.03, 225.72, 226.93, 228.68, 724.04, 739.18, 749.86, 753.24, 736.66, 720.43, 604.69, 741.52, 537.91, 714.06, 734.12, 744.1, 732.8, 736.25, 586.41, 1214.94, 1169.32, 584.21, 576.69, 561.13, 535.0, 497.02, 510.32, 735.4, 187.76, 191.93, 190.38, 2411.89, 2336.79, 2327.17, 2344.9, 2281.52, 2183.54, 2181.58, 2184.11, 2100.94, 2111.92, 2156.7, 2005.29, 1983.38, 1972.59, 2147.62, 2161.02, 2174.37, 2157.44, 510.2, 462.67, 509.31, 541.97, 547.43, 622.91, 627.54, 619.47, 606.13, 587.83, 721.37, 724.32, 723.64, 719.72, 579.3, 697.25, 1133.91, 1126.43, 1118.09, 1122.05, 1619.68, 1544.87, 1549.82, 1548.97, 1472.49, 1475.72, 1491.95, 166.11, 1532.18, 1641.69, 1610.8, 1882.67, 1547.23]','2024-08-15 19:33:29.00',0),(57,12,'경상도_영화_12_사람사는게뭐별일있습니까','no path','사람 사는게 뭐 별일 있습니까',NULL,'[1594.82, 2110.15, 1593.92, 1684.49, 1618.43, 1621.05, 853.57, 1539.87, 1219.49, 1230.43, 686.25, 674.53, 654.56, 592.9, 583.82, 610.73, 678.93, 1222.46, 1186.25, 1169.68, 687.24, 1134.27, 1173.09, 397.04, 422.74, 430.24, 218.66, 215.58, 207.07, 3330.49, 3636.09, 3714.02, 3722.9, 3624.87, 3671.86, 1693.37, 1610.24, 1626.85, 1617.51, 1595.19, 1596.8, 1601.6, 1498.82, 680.71, 679.99, 679.56, 672.7, 675.77, 696.85, 591.89, 629.54, 331.64, 350.38, 365.71, 378.26, 393.3, 390.24, 211.21, 212.45, 215.9, 225.07, 239.52, 257.42, 263.05, 541.13, 542.5, 539.95, 531.83, 516.92, 493.92, 674.02, 633.97, 380.96, 353.55, 326.46, 270.14, 365.09, 334.49, 326.3, 290.82, 258.97, 348.13, 207.76, 236.37, 289.86, 326.33, 1673.83, 347.36, 358.07, 366.52, 366.91, 1812.59, 275.25, 289.06, 296.1, 308.37, 335.39, 358.14, 196.12, 214.77, 238.63, 311.02, 314.09, 318.99, 324.13, 326.59, 326.56, 323.84, 314.82, 290.4, 285.7, 286.72, 279.46, 276.53, 264.06, 236.95, 376.07, 349.81, 326.01, 290.01, 353.79, 342.92, 3191.56, 3076.94, 3039.69, 3037.98, 3032.77, 3044.82, 3045.84, 3021.44, 2834.24, 2907.78, 345.73, 251.08, 255.86, 270.05, 288.3, 307.09, 322.63, 342.65, 362.06, 213.06, 237.84, 255.49, 264.38, 294.04, 297.49, 324.64, 333.41, 321.5, 3796.43, 3780.34, 3912.47, 3897.4, 3883.05, 1704.72, 1633.16, 605.42, 540.3, 562.76, 559.36, 566.31, 622.54, 1245.37, 1242.5, 1315.24, 1114.23, 1282.76, 1284.03, 1298.76, 1318.93, 159.96, 1283.45, 1352.42, 1354.94, 1395.55, 1404.74, 1427.07, 1451.86, 1422.46, 1431.37, 1439.18, 1368.71, 1340.27, 1533.59, 1528.0, 1564.34, 168.48, 153.54]','2024-08-15 19:33:29.00',0),(58,12,'경상도_영화_13_잔돈 때문에 그런거면','no path','잔돈 때문에 그런거면 자자자 아나 가져가소',NULL,'[3769.78, 232.57, 2664.76, 151.63, 211.12, 3954.31, 3955.2, 3957.56, 2436.6, 2414.67, 2413.93, 174.62, 3887.4, 3948.08, 3940.56, 3949.17, 287.69, 563.19, 557.4, 865.0, 901.64, 925.66, 951.82, 990.41, 669.45, 671.25, 341.98, 352.28, 358.04, 353.07, 340.79, 324.45, 311.03, 324.7, 348.81, 349.29, 342.86, 336.88, 326.05, 299.5, 265.87, 240.33, 236.32, 235.46, 254.91, 249.67, 367.16, 566.49, 541.99, 538.4, 533.12, 520.9, 511.02, 498.73, 493.66, 490.22, 488.29, 489.26, 488.11, 482.03, 475.18, 465.29, 452.0, 447.4, 443.78, 434.64, 416.91, 202.68, 217.13, 217.53, 194.97, 173.01, 470.86, 441.89, 519.51, 521.95, 531.39, 534.11, 533.17, 529.34, 518.96, 548.03, 559.77, 563.19, 565.2, 563.13, 279.12, 277.33, 269.7, 261.24, 253.2, 248.88, 249.4, 244.95, 241.2, 496.96, 498.99, 494.3, 484.6, 239.08, 239.52, 236.91, 234.05, 232.03, 232.92, 233.36, 230.97, 451.77, 448.98, 222.85, 219.68, 211.11, 200.62, 191.61, 436.5, 455.15, 493.52, 513.62, 524.08, 528.42, 525.19, 782.33, 775.3, 768.28, 764.09, 762.85, 765.82, 503.28, 495.15, 486.87, 223.64, 213.94, 319.97, 476.2, 504.16, 523.68, 531.63, 526.42, 767.89, 756.28, 747.84, 738.15, 731.95, 726.85, 723.01, 725.4, 481.44, 481.14, 476.53, 466.98, 472.66, 481.54, 497.51, 515.12, 524.63, 784.44, 776.13, 758.95, 736.33, 715.31, 948.98, 955.05, 964.47, 977.34, 993.65, 1007.67, 1015.72, 1034.27, 1051.18, 1055.71, 797.28, 798.91, 810.5, 791.48, 794.25, 798.88, 798.98, 796.27, 1057.3, 1054.66, 1053.45, 1049.71, 1035.66, 252.63, 249.72, 246.09, 239.83, 3988.8, 3985.71, 3982.3, 2262.16, 2272.33, 2201.67, 2193.51, 2198.94, 3729.83, 3753.49, 3788.37, 3853.08, 668.92, 604.99, 845.6, 842.35, 845.84, 860.82, 877.78, 888.08, 597.13, 589.41, 580.46, 580.45, 239.52, 242.38, 269.57, 282.82, 578.77, 583.01, 583.59, 578.07, 558.16, 559.92, 573.58, 580.57, 877.18, 880.28, 881.0, 882.26, 885.76, 591.23, 587.79, 581.88, 287.19, 289.78, 578.66, 554.25, 637.21, 603.09, 587.0, 580.8, 572.93, 563.02, 837.22, 831.63, 805.4, 787.86, 816.12, 248.43, 250.31, 188.82, 166.13, 261.12, 263.59, 254.85, 246.83, 256.33, 165.11, 252.22, 241.11, 156.88, 146.65, 163.2, 202.38, 215.18, 193.96, 151.21, 142.35, 178.54, 178.0, 183.52, 234.48, 174.76, 173.78, 173.3, 255.03, 218.84, 211.35, 196.24, 215.9, 198.76, 245.56, 250.71, 189.92, 215.61, 227.25, 147.18, 158.91, 210.83, 206.26, 170.54, 172.62, 214.58, 236.56, 140.27, 183.25, 210.79, 234.96, 240.26, 193.14, 192.19, 240.78, 167.32, 197.92, 145.59, 177.59, 163.73, 239.81, 239.17, 238.07, 204.8, 155.19]','2024-08-15 19:33:29.00',0),(59,12,'경상도_영화_14_그 가시나 니 형사인거 모르나','no path','그 가시나 니 저저 형산거 모르나',NULL,'[465.31, 465.7, 538.21, 528.33, 496.7, 551.82, 537.1, 498.06, 501.98, 502.66, 1036.96, 1090.35, 1094.01, 291.48, 295.4, 301.08, 303.37, 299.39, 290.6, 295.4, 327.84, 367.25, 378.35, 752.39, 740.43, 728.25, 1065.29, 3275.75, 3275.27, 737.99, 746.15, 405.47, 413.68, 845.11, 850.85, 852.83, 850.85, 844.95, 836.59, 820.78, 367.11, 352.15, 336.28, 319.69, 308.92, 304.58, 305.14, 318.08, 325.33, 326.57, 335.05, 346.45, 352.54, 354.59, 355.49, 352.63, 345.51, 329.14, 315.47, 292.85, 275.2, 261.1, 259.21, 273.69, 299.72, 311.12, 317.69, 317.52, 316.58, 316.08, 310.95, 306.37, 300.83, 283.96, 264.23, 242.36, 224.54, 229.39, 240.73, 270.81, 288.64, 297.1, 296.98, 292.65, 285.59, 280.24, 276.01, 266.74, 258.93, 251.26, 242.17, 2138.53, 2141.04, 2150.55, 257.17, 263.96, 272.53, 278.76, 290.77, 305.8, 313.95, 315.34, 308.58, 279.62, 286.47, 311.72, 315.12, 836.58, 841.2, 861.49, 883.26, 902.51, 898.64, 872.3, 433.46, 428.81, 409.84, 395.6, 398.56, 400.54, 779.46, 371.53, 341.18, 279.64, 259.02, 242.3, 221.74, 217.66, 214.94, 209.44, 209.05, 208.41, 209.34, 215.01, 212.96, 219.48, 249.52, 255.64, 262.09, 310.0, 318.9, 330.95, 381.39, 1194.04, 405.36, 423.28, 1399.86, 1420.74, 956.06, 947.47, 927.77, 917.68, 1209.02, 1182.13, 1186.39, 1194.44, 1198.13, 942.9, 1000.84, 979.98, 1308.95, 909.72, 1242.04, 1188.34, 1159.29, 1229.64, 1204.68, 1201.22, 1392.34, 1396.65, 1314.69, 1217.28, 147.79, 145.99, 166.65, 167.6, 174.27, 167.19, 163.62, 179.24]','2024-08-15 19:33:29.00',0),(60,12,'경상도_영화_15_부잣집 아줌마들 꼬시가꼬','no path','전시내 거 부잣집 아줌마들 꼬시갖고 사부작 사부작 댕기면서 맛있는거 얻어묵고',NULL,'[195.94, 203.55, 195.58, 198.03, 211.69, 188.26, 190.02, 3918.69, 3916.81, 3916.52, 3543.4, 3987.24, 232.78, 235.84, 239.81, 245.0, 250.92, 256.23, 260.01, 261.91, 263.71, 266.06, 272.1, 275.93, 279.85, 143.64, 142.98, 271.02, 3126.8, 144.29, 150.64, 165.97, 180.58, 229.9, 254.54, 272.51, 271.64, 278.82, 289.71, 293.71, 561.56, 547.61, 532.78, 515.65, 234.96, 1319.61, 207.5, 192.19, 175.86, 170.24, 164.76, 163.34, 1077.61, 1095.07, 1120.98, 1125.67, 161.0, 148.35, 143.77, 151.09, 164.98, 369.92, 388.37, 401.37, 408.13, 411.88, 414.32, 413.89, 410.57, 402.8, 387.67, 369.76, 361.57, 350.25, 162.62, 158.23, 157.6, 168.91, 162.89, 159.07, 1846.82, 1830.16, 1817.5, 3124.31, 3126.71, 240.73, 237.49, 238.13, 238.56, 231.79, 232.28, 316.15, 345.09, 541.78, 549.75, 553.23, 554.0, 560.4, 580.55, 595.98, 1336.83, 1334.59, 3572.55, 3833.73, 3734.04, 3734.57, 3611.9, 1848.61, 1881.6, 2508.17, 2475.62, 1138.85, 1140.99, 560.23, 553.21, 548.15, 1116.1, 1112.0, 1185.77, 1187.22, 1247.65, 595.39, 595.81, 443.05, 499.33, 3288.7, 3252.23, 3143.23, 3273.9, 198.48, 200.96, 203.88, 206.99, 208.65, 207.2, 204.19, 590.88, 576.33, 1102.46, 538.49, 534.3, 533.7, 536.43, 528.17, 158.08, 351.18, 521.8, 515.67, 503.41, 167.45, 164.48, 159.63, 156.08, 154.03, 152.07, 423.15, 355.42, 362.63, 380.94, 397.85, 409.15, 411.63, 410.4, 406.39, 597.53, 191.34, 180.02, 3306.36, 3159.07, 3153.84, 175.41, 179.65, 182.65, 365.19, 366.32, 371.92, 577.49, 581.21, 578.96, 570.59, 564.3, 563.36, 560.51, 549.34, 540.2, 855.82, 520.75, 772.28, 694.91, 703.61, 404.42, 544.99, 538.09, 531.19, 521.18, 514.46, 502.03, 492.46, 479.21, 161.16, 157.83, 155.88, 3930.35, 3811.45, 3808.51, 3817.69, 3826.97, 3818.5, 2304.07, 1506.38, 1103.98, 1126.91, 1124.32, 552.63, 541.08, 549.38, 582.42, 578.98, 3174.03, 3101.72, 3132.75, 3146.21, 3132.54, 3173.44, 3164.39, 3162.6, 533.81, 1418.96, 1420.9, 1335.21, 1333.04, 1287.68, 1283.02, 1296.14, 1296.0, 1290.74, 1276.46, 1261.71, 1241.01, 1241.85, 1253.67, 1128.19, 1175.09, 3993.32, 3972.99, 3956.36, 3941.09, 3809.75, 587.13, 144.55, 1090.07, 1078.28, 1073.93, 1068.1, 599.46, 953.16, 958.72, 161.89, 166.0, 168.49, 559.85, 566.21, 563.58, 553.42, 533.31, 505.17, 1142.44, 1128.76, 437.83, 425.14, 429.06, 432.6, 424.84, 413.39, 585.78, 582.27, 579.03, 571.39, 365.17, 3873.45, 183.91, 179.23, 180.77, 185.23, 188.27, 185.27, 182.63, 180.21, 177.3, 174.66, 172.38, 171.61, 172.26, 171.92, 170.7, 168.28, 163.7, 158.57, 154.84, 147.57, 149.1, 155.24, 160.26, 169.99, 151.72, 157.98, 157.26, 152.26, 149.3, 1069.39, 1085.73, 1095.5, 1089.71, 1224.19, 1226.25, 533.72, 528.19, 523.64, 3157.22, 3136.33, 3919.97, 3635.26, 3556.26, 172.35, 183.4, 194.03, 197.22, 192.27, 190.06, 188.48, 187.49, 562.31, 565.5, 192.54, 192.46, 191.41, 188.52, 180.32, 174.23, 170.23, 166.5, 161.84, 473.08, 463.15, 448.42, 430.27, 555.82, 547.91, 547.27, 412.82, 264.22, 281.72, 287.94, 434.58, 439.94, 441.95, 439.38, 281.85, 145.58, 147.75, 3098.61, 3118.17, 1758.66, 1764.3, 298.51, 300.54, 298.36, 153.65, 151.72, 151.21, 148.95, 427.14, 543.06, 538.62, 457.26, 441.38, 431.06, 539.01, 522.27, 503.84, 485.62, 472.17, 456.93, 549.25, 535.16, 518.32, 498.61, 477.2, 545.16, 532.71, 518.98, 502.8, 2152.29, 2082.88, 2071.44, 2058.87, 1982.9, 2176.63, 2046.13]','2024-08-15 19:33:29.00',0),(61,13,'경상도_영화_16_내도 급하다','no path','봐라 니 빌려간 그 간장 쫑바리 내놔라 내도 급하다',NULL,'[347.72, 360.59, 369.76, 1112.31, 1134.33, 1160.46, 1187.1, 1204.94, 1635.59, 1670.86, 1687.65, 1683.38, 1673.84, 1655.59, 1635.58, 839.64, 815.59, 816.29, 1646.7, 1636.24, 1199.34, 1177.37, 1465.83, 1432.44, 1694.6, 1629.76, 1181.77, 1170.78, 1614.57, 1320.47, 1416.18, 1455.58, 1439.01, 155.18, 160.09, 156.01, 169.47, 3840.24, 3286.36, 3748.3, 3808.34, 3830.94, 3973.23, 3970.45, 3939.31, 3892.06, 3900.33, 3896.86, 3920.51, 154.59, 171.68, 164.46, 172.8, 188.69, 178.35, 165.98, 173.57, 190.2, 183.55, 202.39, 262.64, 239.68, 296.71, 193.42, 313.62, 296.1, 299.88, 310.91, 335.66, 372.15, 402.31, 408.96, 363.27, 340.76, 325.93, 316.32, 339.98, 414.47, 409.06, 421.78, 819.99, 802.2, 798.42, 804.98, 819.52, 2518.21, 2543.47, 445.8, 462.25, 491.84, 495.06, 495.77, 501.04, 759.0, 747.98, 734.21, 714.55, 688.11, 704.34, 711.01, 1064.51, 1057.37, 1050.91, 1040.68, 651.06, 646.35, 641.39, 649.17, 643.65, 636.04, 626.26, 582.74, 577.13, 632.79, 663.01, 673.05, 676.62, 672.84, 684.02, 677.74, 659.32, 960.45, 950.02, 1548.14, 920.37, 909.51, 900.44, 892.78, 894.45, 302.41, 303.03, 297.09, 282.13, 281.32, 1947.66, 987.93, 989.04, 988.83, 987.11, 981.12, 319.98, 313.15, 303.44, 289.05, 298.07, 295.39, 2914.04, 709.6, 709.66, 715.14, 720.89, 716.25, 705.41, 693.87, 697.52, 1092.05, 1098.51, 369.54, 389.35, 870.73, 880.06, 1633.71, 1649.09, 1658.55, 1652.13, 794.23, 777.17, 771.13, 780.45, 773.82, 705.76, 684.63, 654.54, 621.82, 606.26, 596.16, 298.38, 297.26, 298.96, 299.46, 300.42, 900.95, 902.18, 902.01, 899.87, 893.85, 883.67, 866.07, 844.28, 816.6, 800.8, 268.85, 260.92, 770.28, 988.73, 985.77, 1168.04, 1159.64, 1153.39, 1148.78, 1149.43, 1149.62, 904.14, 894.28, 899.72, 1056.22, 1046.39, 1047.14, 1070.83, 1081.52, 217.88, 428.28, 441.86, 453.14, 467.71, 252.03, 2223.18, 2250.55, 871.82, 877.48, 879.22, 878.98, 877.11, 869.4, 253.67, 245.63, 236.8, 235.48, 241.85, 237.44, 231.62, 225.9, 175.64, 190.63, 213.68, 281.06, 270.4, 527.71, 522.29, 259.19, 244.03, 230.65, 241.87, 175.47, 146.74, 196.9, 206.69, 234.87, 263.79, 1051.72, 1035.71, 988.5, 957.78, 942.76, 452.79, 447.94, 190.82, 266.55, 261.21, 259.17, 266.6, 174.34, 199.32, 233.51, 208.48, 194.98, 165.95, 166.19, 172.06, 183.65, 175.14, 163.18, 148.68, 195.67, 188.01, 171.91, 154.81, 176.69]','2024-08-15 19:33:29.00',0),(62,13,'경상도_영화_17_여자들은 이게 문젠기라','no path','여자들은 이게 문젠기라 응',NULL,'[144.13, 232.32, 141.99, 142.91, 240.19, 240.47, 235.47, 238.4, 234.6, 147.14, 187.04, 191.08, 193.69, 1061.89, 1053.55, 173.16, 174.06, 191.58, 173.07, 174.89, 176.93, 177.02, 184.03, 192.77, 200.84, 205.07, 207.85, 210.92, 201.99, 198.77, 213.22, 479.51, 488.45, 485.79, 481.14, 484.48, 487.73, 487.92, 480.52, 474.21, 471.77, 469.89, 492.31, 488.7, 475.46, 471.6, 472.45, 243.89, 210.47, 196.01, 194.14, 190.56, 185.36, 178.44, 173.14, 173.69, 173.43, 173.03, 172.27, 175.28, 182.41, 192.65, 216.84, 227.43, 238.0, 282.67, 295.17, 296.22, 303.57, 319.82, 338.97, 334.03, 322.29, 436.48, 449.36, 472.29, 487.78, 496.21, 473.28, 469.31, 472.87, 463.63, 320.35, 306.28, 291.4, 287.29, 278.35, 338.98, 282.19, 258.96, 174.67, 174.41, 172.12, 170.97, 170.28, 168.22, 175.13, 160.94, 151.96, 480.41, 484.72, 489.24, 492.52, 496.18, 502.09, 333.82, 173.51, 170.0, 167.0, 169.76, 174.01, 169.69, 167.43, 171.95, 174.69, 175.28, 178.29, 557.76, 555.29, 551.08, 561.46, 1835.94, 530.85, 559.23, 646.24, 637.84, 642.33, 1587.03, 952.88, 926.89, 921.13, 753.31, 739.83, 726.89, 714.7, 703.82, 777.79, 705.61, 708.69, 717.39, 1582.28, 1579.03, 1579.39, 1581.34, 1585.89, 1587.35, 1594.12, 3162.52, 2389.77, 2392.43, 992.87, 992.47, 991.26, 991.54, 991.57, 993.17, 994.16, 307.73, 310.63, 166.08, 171.94, 176.49, 177.87, 179.95, 184.07, 194.11, 210.97, 211.72, 220.5, 230.28, 231.62, 236.38, 235.12, 239.41, 239.13, 252.85, 278.85, 289.85, 266.11, 261.15, 243.56, 227.22, 274.69, 264.15, 2383.63, 2403.84, 2382.7, 3156.12, 3155.39, 3146.39, 3147.05, 3218.01, 3224.31, 3262.11, 3248.41, 3244.99, 3380.23, 3371.82, 3375.35, 3386.67, 586.33, 1589.53, 1581.99, 1570.71, 1705.81, 1709.02, 1547.56]','2024-08-15 19:33:29.00',0),(63,13,'경상도_영화_18_승만이가 니한테는 형님아이가','no path','승만이가 니한테는 형님아이가',NULL,'[185.9, 191.81, 192.82, 187.7, 193.15, 140.69, 191.34, 191.13, 189.28, 185.95, 158.23, 174.43, 198.22, 189.79, 149.5, 3121.39, 3344.77, 3362.41, 3088.09, 3234.38, 3394.47, 3403.0, 1460.14, 1453.26, 402.02, 283.46, 288.95, 296.57, 305.14, 320.01, 336.73, 353.7, 371.6, 381.89, 384.76, 387.7, 392.02, 400.1, 410.55, 416.58, 415.12, 412.61, 409.99, 407.4, 404.48, 399.01, 392.0, 386.26, 380.37, 373.12, 368.02, 361.5, 352.21, 347.07, 331.03, 326.56, 323.52, 492.61, 477.52, 445.38, 572.99, 411.09, 400.95, 254.57, 251.21, 249.84, 246.02, 241.69, 239.14, 245.78, 251.88, 254.3, 258.33, 262.38, 411.96, 426.84, 437.12, 608.5, 631.45, 650.48, 345.32, 361.05, 371.44, 377.72, 383.37, 393.71, 396.36, 183.75, 178.11, 277.27, 216.71, 214.34, 427.05, 419.76, 411.32, 405.11, 395.6, 386.91, 369.16, 358.05, 340.07, 326.37, 305.65, 280.78, 394.07, 382.66, 374.13, 371.06, 217.69, 235.44, 249.36, 267.47, 303.17, 323.99, 343.19, 356.02, 370.98, 392.86, 425.87, 442.99, 229.12, 236.53, 242.64, 249.73, 253.42, 251.27, 243.45, 235.19, 431.76, 396.13, 361.03, 332.07, 317.73, 300.99, 1069.8, 648.58, 645.37, 645.28, 649.45, 661.87, 559.5, 578.47, 323.54, 339.41, 353.79, 368.18, 383.26, 398.15, 410.92, 409.36, 405.04, 409.23, 409.61, 404.01, 544.54, 534.89, 592.92, 562.64, 634.38, 613.36, 1176.08, 1169.6, 1147.17, 560.02, 654.13, 636.72, 624.28, 1132.31, 1159.66, 1164.22, 1173.13, 1177.59, 1182.97, 177.83, 175.22, 168.0, 164.94, 183.92, 165.33, 166.77, 165.73, 196.35, 183.54, 233.69, 170.25, 238.66, 181.3, 176.2, 233.18, 168.94, 166.52, 177.41, 187.77, 167.25, 163.59, 172.98, 167.53, 161.61, 180.45, 161.11, 172.24, 172.3, 168.98, 171.89]','2024-08-15 19:33:29.00',0),(64,13,'경상도_영화_19_아따 마 집구석 잘 돌아간다','no path','아따 마 집구석 잘 돌아간다',NULL,'[2019.32, 2028.91, 2199.15, 2077.29, 2061.73, 199.57, 189.76, 1377.51, 1310.65, 1328.45, 1358.23, 1352.4, 1293.74, 417.83, 392.7, 537.2, 559.32, 147.43, 152.62, 644.22, 501.14, 521.48, 540.7, 558.22, 564.72, 575.98, 586.45, 603.3, 603.94, 609.93, 624.5, 631.61, 639.01, 645.0, 646.7, 643.8, 640.61, 642.96, 1417.22, 1284.53, 1296.31, 1509.44, 2094.54, 634.26, 646.54, 429.8, 437.41, 656.43, 647.58, 642.23, 632.49, 620.08, 599.34, 381.8, 203.82, 206.57, 209.74, 439.85, 627.92, 629.94, 621.63, 598.09, 560.62, 533.87, 605.85, 592.52, 3591.44, 3682.4, 3898.85, 3870.95, 3569.04, 3567.35, 163.54, 165.31, 168.88, 167.61, 161.03, 153.38, 154.2, 169.76, 185.9, 192.84, 387.57, 388.75, 385.26, 186.03, 190.59, 419.0, 434.61, 438.33, 434.76, 427.28, 388.15, 361.11, 345.63, 3891.78, 3550.11, 3552.87, 3551.38, 3542.48, 3533.58, 3531.53, 514.76, 516.57, 514.17, 623.22, 609.16, 696.22, 687.61, 679.54, 670.61, 760.32, 871.78, 869.47, 686.33, 684.4, 905.56, 895.54, 890.88, 796.31, 788.56, 686.0, 678.37, 878.35, 863.58, 863.3, 862.53, 865.82, 864.93, 859.79, 861.9, 867.98, 842.77, 650.21, 657.14, 540.96, 424.24, 294.48, 148.33, 147.95, 155.29, 368.73, 391.0, 391.18, 385.05, 421.67, 433.53, 438.82, 664.22, 434.28, 425.18, 412.34, 403.23, 391.94, 582.81, 568.26, 560.57, 558.61, 553.53, 553.15, 556.37, 556.92, 368.23, 383.28, 389.48, 390.7, 384.7, 510.37, 413.77, 429.56, 650.7, 643.66, 638.15, 624.19, 608.65, 794.81, 770.44, 747.59, 695.38, 2769.39, 2335.54, 2367.74, 293.9, 288.82, 295.14, 300.18, 301.06, 300.68, 885.65, 884.82, 882.74, 878.89, 879.24, 287.09]','2024-08-15 19:33:29.00',0),(65,13,'경상도_영화_20_니 같으면 너거 아한테','no path','니 같으면 너거 아한테 저런거 사주겄나',NULL,'[171.39, 148.96, 151.62, 153.27, 145.41, 156.0, 143.39, 212.52, 153.4, 235.69, 140.08, 200.85, 176.32, 168.38, 179.59, 217.19, 141.51, 172.19, 144.31, 188.97, 167.57, 146.57, 150.46, 153.38, 158.02, 165.72, 170.65, 174.57, 177.98, 382.85, 389.8, 193.26, 186.15, 1751.33, 1724.63, 561.8, 581.46, 590.47, 604.07, 615.24, 614.57, 606.64, 594.23, 618.72, 617.29, 618.4, 3512.49, 278.22, 287.9, 287.36, 295.36, 301.25, 291.44, 288.61, 285.03, 280.04, 277.05, 274.18, 267.89, 1016.19, 462.39, 439.38, 409.4, 573.77, 170.25, 163.45, 151.66, 147.22, 145.89, 149.09, 154.29, 359.37, 368.18, 382.7, 395.23, 404.86, 404.13, 197.41, 216.59, 235.72, 550.52, 562.84, 570.91, 573.0, 1350.22, 840.11, 847.45, 1452.79, 1442.89, 933.09, 951.74, 973.13, 992.86, 1007.58, 1020.41, 1026.0, 1021.37, 1008.04, 979.56, 940.87, 893.48, 1024.92, 1013.38, 1140.38, 1006.73, 1028.45, 1040.7, 790.41, 781.75, 239.03, 227.47, 219.02, 212.3, 433.11, 432.33, 423.79, 391.84, 196.23, 191.25, 195.65, 207.88, 3962.0, 3966.14, 3949.96, 218.56, 218.54, 227.55, 242.67, 257.12, 252.33, 559.93, 574.66, 578.82, 577.26, 570.68, 562.04, 277.56, 274.31, 265.05, 255.23, 462.73, 447.14, 429.51, 571.83, 562.06, 171.28, 173.67, 1801.71, 1751.17, 1735.93, 1716.94, 1771.35, 1766.61, 1690.73, 666.25, 689.16, 531.31, 527.62, 172.21, 168.97, 164.39, 191.77, 223.74, 235.16, 244.47, 255.36, 257.54, 244.35, 228.61, 231.9, 239.2, 1077.02, 572.8, 582.46, 582.73, 578.84, 570.9, 562.19, 260.04, 257.24, 254.16, 248.03, 241.14, 234.18, 224.5, 1326.78, 741.36, 824.24, 956.02, 941.17, 871.24, 979.89, 969.08, 858.52, 850.91, 882.35, 774.2, 856.62, 855.99, 153.37]','2024-08-15 19:33:29.00',0),(66,19,'경상도_밈_1_가가가가','no path','어 가가가가',NULL,'[426.9, 436.35, 441.57, 429.08, 419.43, 416.51, 421.01, 424.65, 429.18, 431.01, 429.36, 428.71, 431.07, 435.08, 439.14, 441.2, 442.12, 342.92, 344.01, 346.92, 351.34, 352.95, 353.93, 358.08, 359.57, 361.76, 365.19, 368.7, 371.07, 375.11, 377.92, 379.76, 385.26, 389.85, 390.86, 392.65, 395.69, 402.77, 411.44, 413.37, 414.84, 412.44, 408.51, 407.45, 410.38, 414.31, 416.99, 419.94, 417.85, 415.62, 408.58, 403.19, 399.73, 393.99, 382.49, 249.01, 344.75, 324.26, 210.9, 404.98, 396.65, 396.48, 414.0, 202.53, 194.76, 170.01, 268.76, 215.54, 211.57, 174.05, 285.49, 278.47, 278.55, 1196.06, 1224.31, 1236.8, 1356.7, 1356.08, 1266.04, 416.46, 420.57, 669.42, 663.62, 679.28, 714.06, 754.18, 154.54, 158.49, 160.82, 703.72, 738.03, 1119.69, 1124.73, 1108.66, 1097.79, 158.37, 157.54, 159.37, 170.02, 173.28, 160.88, 155.53, 605.83, 427.49, 417.89, 400.86, 395.37, 383.53, 373.51, 494.32, 506.29, 390.32, 400.35, 407.8, 426.78, 585.76, 153.3, 158.69, 160.32, 734.01, 567.98, 581.66, 582.85, 398.36, 399.49, 205.18, 204.72, 211.16, 181.24, 204.76, 210.22, 212.45, 197.78, 211.97, 375.31, 500.6, 402.93, 647.19, 665.06, 594.48, 628.26, 635.24, 987.12, 652.89, 636.56, 154.0, 160.84, 160.44, 159.84, 159.71, 155.08, 152.43, 153.04, 234.12]','2024-08-15 19:33:29.00',0),(67,19,'경상도_밈_2_블루베리스무디','no path','블루베리스무디',NULL,'[370.26, 380.11, 1119.57, 256.79, 375.73, 1339.96, 1336.64, 1348.89, 1380.29, 1360.82, 1346.28, 1422.76, 327.57, 327.35, 328.6, 327.05, 327.53, 327.83, 329.77, 333.36, 355.58, 356.59, 357.4, 362.27, 362.85, 364.16, 364.25, 363.86, 362.73, 365.76, 493.17, 371.36, 393.66, 412.31, 421.7, 433.57, 444.26, 447.98, 309.12, 153.3, 156.0, 157.44, 158.22, 158.32, 158.12, 158.51, 158.93, 159.49, 159.08, 157.29, 154.65, 286.75, 280.82, 403.38, 154.91, 153.47, 152.5, 154.38, 154.89, 155.54, 156.28, 156.68, 154.33, 156.08, 156.96, 158.46, 155.36, 391.9, 156.45, 309.38, 312.14, 311.88, 311.7, 312.56, 321.59, 330.27, 331.13, 330.66, 332.43, 337.61, 346.11, 354.88, 367.28, 374.63, 378.94, 380.07, 379.6, 363.07, 257.52, 376.24, 373.33, 375.74, 378.94, 2079.58, 2180.69, 264.95, 330.24, 302.85, 284.74, 276.25, 276.69, 2411.27, 356.18, 350.89, 260.26, 258.17, 250.34, 252.08, 257.44, 160.69, 157.96, 261.46, 153.56, 159.53, 159.44, 159.55, 160.5, 156.75, 170.18, 172.63, 180.8]','2024-08-15 19:33:29.00',0),(68,19,'경상도_밈_3_어느정도높이까지올라가는거에요','no path','어느정도높이까지올라가는거예요',NULL,'[622.46, 538.98, 562.43, 661.84, 650.53, 733.83, 768.22, 754.17, 733.66, 718.04, 714.86, 712.86, 838.91, 844.88, 605.28, 849.57, 846.55, 1080.97, 1078.93, 363.26, 369.67, 372.88, 373.33, 371.94, 369.27, 369.15, 370.52, 371.89, 371.87, 371.2, 369.64, 367.59, 365.35, 371.28, 3416.23, 3413.31, 3495.25, 426.43, 415.34, 406.57, 399.08, 393.58, 389.03, 394.18, 395.78, 397.38, 395.66, 393.16, 260.46, 380.63, 379.53, 403.95, 411.54, 413.73, 412.31, 405.15, 398.28, 265.5, 259.34, 252.72, 413.33, 418.67, 417.8, 409.15, 402.94, 399.73, 425.89, 415.81, 405.54, 791.91, 788.9, 3918.14, 3427.2, 3449.19, 3966.63, 3557.86, 3543.76, 2819.07, 2722.59, 2717.14, 1300.74, 1604.41, 1570.1, 1401.77, 1433.26, 171.93, 159.74, 157.3, 154.23, 591.47, 578.73, 563.97, 547.83, 402.05, 157.58, 153.36, 3850.3, 3723.37, 3718.4, 152.78, 153.02, 298.82, 435.23, 430.35, 428.17, 425.92, 424.5, 424.25, 418.89, 416.32, 420.06, 422.72, 424.8, 442.55, 441.0, 432.72, 583.68, 583.97, 579.66, 563.99, 684.92, 708.64, 724.4, 727.57, 731.93, 741.11, 745.31, 746.12, 744.12, 743.5, 443.0, 438.69, 442.71, 297.67, 301.9, 305.13, 304.55, 303.26, 303.73, 302.26, 300.16, 311.55, 486.41, 483.97, 155.48, 157.8, 492.97, 495.55, 498.91, 508.63, 516.48, 519.45, 532.9, 539.86, 371.39, 379.96, 388.23, 395.45, 398.92, 401.94, 209.32, 212.18, 214.43, 214.52, 212.97, 210.93, 411.33, 404.71, 401.21, 393.3, 381.55, 373.44, 546.63, 535.46, 531.62, 530.34, 520.99, 522.68, 525.34, 529.77, 535.4, 541.48, 554.14, 191.62, 202.91, 205.68, 205.68, 210.24, 217.94, 225.6, 231.36, 232.97, 207.1, 232.58, 231.64, 232.91, 231.22, 217.11, 218.65]','2024-08-15 19:33:29.00',0),(69,19,'경상도_밈_4_정구지찌짐먹고싶다','no path','정구지찌짐 먹고싶다',NULL,'[3661.92, 3665.85, 3666.24, 3643.71, 3102.14, 3091.0, 2052.16, 2063.83, 2217.46, 2188.51, 3110.36, 3105.01, 3088.5, 2706.9, 2970.72, 2966.43, 2955.26, 3194.08, 3172.51, 1179.38, 1011.11, 161.89, 1017.88, 1040.78, 424.6, 426.01, 428.71, 444.33, 444.12, 437.36, 432.89, 430.52, 258.18, 257.03, 337.71, 487.2, 476.14, 340.08, 330.86, 192.11, 199.04, 199.0, 205.67, 209.02, 209.04, 205.45, 189.48, 308.7, 317.02, 206.79, 200.51, 193.71, 188.83, 182.43, 173.41, 242.5, 290.62, 232.94, 274.17, 3933.25, 3994.27, 3852.22, 3842.9, 3821.26, 3818.96, 3610.61, 161.17, 160.87, 166.0, 162.87, 161.51, 160.32, 3995.55, 3850.34, 3857.15, 3882.01, 3790.78, 3700.04, 3740.74, 166.17, 160.73, 163.95, 164.84, 166.12, 163.58, 163.67, 162.46, 160.8, 159.67, 161.76, 161.82, 157.83, 157.41, 398.25, 302.47, 447.29, 428.77, 651.9, 167.65, 354.76, 273.54, 263.22, 555.52, 535.8, 560.76, 624.61, 635.18, 696.58, 447.44, 452.9, 446.21, 435.76, 423.1, 411.42, 375.78, 3185.19, 3284.48, 3275.68, 3385.51, 3513.63, 3513.35, 3535.83, 1438.21, 3066.28, 3077.26, 3091.27, 1193.99, 1510.28, 1423.71, 1443.0, 1247.64, 1286.51, 1230.04, 1219.42, 676.12, 654.28, 636.44, 715.65, 816.99, 804.11, 731.17, 1125.66, 1124.71, 1130.24, 1125.58, 1105.8, 1176.49, 1153.83, 1104.45, 1108.77]','2024-08-15 19:33:29.00',0),(70,19,'경상도_밈_5_이에이승','no path','2에2승 2에e승 e에2승 e에e승',NULL,'[3568.53, 3392.62, 3327.32, 3375.64, 3355.02, 3356.47, 3383.56, 3394.27, 3376.04, 3359.43, 3355.07, 3357.71, 3357.4, 3369.2, 3372.89, 3355.63, 3360.31, 3412.36, 3351.86, 3392.41, 3392.21, 355.02, 358.77, 362.86, 363.98, 363.86, 365.01, 367.14, 369.78, 370.64, 369.53, 369.0, 367.97, 366.25, 361.13, 355.16, 341.99, 3510.85, 3419.33, 3402.63, 3423.48, 3238.19, 3228.12, 3389.56, 3371.66, 3453.31, 3455.85, 3460.5, 410.32, 406.9, 2058.87, 2093.86, 2073.6, 2013.87, 2010.35, 1828.41, 1836.69, 1712.63, 1718.37, 1728.09, 1730.26, 1621.62, 1614.43, 165.43, 162.62, 297.56, 382.18, 358.78, 340.41, 332.5, 331.97, 329.94, 325.97, 322.62, 316.91, 309.2, 305.17, 400.74, 399.92, 392.85, 385.48, 380.64, 370.48, 366.73, 358.86, 166.9, 163.22, 170.24, 168.38, 234.66, 187.7, 275.58, 181.68, 243.2, 154.92, 154.24, 152.52, 3416.19, 3427.5, 3381.69, 3425.82, 3415.98, 326.32, 330.83, 331.56, 333.15, 334.44, 340.13, 345.51, 346.8, 347.48, 348.89, 354.24, 359.18, 370.05, 253.51, 257.96, 267.76, 285.02, 289.47, 300.32, 155.61, 159.03, 159.25, 160.0, 161.33, 161.84, 163.65, 166.59, 342.99, 344.93, 340.96, 166.17, 164.2, 160.3, 153.64, 274.73, 282.98, 156.51, 156.7, 157.19, 153.45, 155.7, 157.78, 157.03, 366.97, 394.63, 390.77, 373.11, 344.95, 329.42, 322.78, 319.86, 312.16, 395.37, 397.25, 394.86, 389.7, 379.67, 380.46, 285.85, 276.31, 163.31, 161.85, 275.61, 164.66, 167.78, 166.71, 165.71, 169.19, 184.8, 169.46, 168.14, 163.48, 171.49, 172.44, 156.23, 165.29, 164.68, 163.43, 163.48, 163.89, 164.33, 165.84, 166.3, 167.64, 167.24, 166.67, 334.18, 333.44, 328.56, 322.14, 312.99, 153.93, 152.76, 284.45, 422.96, 411.1, 400.95, 393.89, 380.09, 367.97, 350.45, 345.86, 323.02, 314.26, 304.59, 3401.85, 3415.0, 3519.25, 3449.63, 3465.26, 3371.03, 3383.57, 3423.53, 156.92, 162.55, 276.18, 201.34, 167.55, 263.06, 180.88, 162.54, 2188.43, 2109.21, 2043.64, 2042.11, 1968.03, 1849.87, 1830.9, 1837.11, 1845.7, 1689.3, 1682.55, 1664.05, 1592.07, 396.91, 384.31, 373.87, 363.3, 355.53, 351.9, 346.18, 341.47, 330.95, 317.73, 308.46, 297.27, 386.39, 378.43, 377.11, 286.0, 273.5, 158.07, 180.06, 188.75, 169.68, 194.51, 207.51, 219.93, 167.43, 276.92, 291.7, 3449.58, 191.68, 216.27, 184.31, 349.55, 162.61, 164.79, 163.02, 162.06, 163.18, 334.1, 336.34, 339.01, 340.16, 338.19, 335.58, 332.6, 164.42, 324.47, 313.97, 152.83, 295.76, 152.58, 428.2, 421.01, 410.68, 402.7, 398.94, 394.46, 391.92, 395.48, 397.34, 404.59, 285.84, 285.33, 156.13, 159.13, 159.38, 159.81, 169.56, 166.81, 161.83, 161.84, 162.4, 163.81, 166.95, 345.49, 344.55, 167.47, 165.5, 164.85, 162.67, 157.96, 277.22, 155.21, 157.3, 158.11, 157.19, 154.09, 156.59, 343.65, 359.98, 354.14, 322.43, 307.16, 398.14, 384.64, 375.62, 159.63, 159.29, 160.96, 208.97, 296.74, 160.7, 164.67, 271.31, 159.35, 167.8, 156.95, 167.72, 154.87]','2024-08-15 19:33:29.00',0),(71,28,'경상도_일상_1_사장님주문좀할게요','no path','사장님 주문 좀 할게요',NULL,'[1716.16, 1716.58, 1802.67, 1785.71, 1785.54, 715.71, 720.66, 764.72, 1802.4, 1800.56, 1802.68, 1807.16, 1818.21, 1755.08, 1916.96, 1968.59, 1970.37, 1971.94, 1971.61, 1976.97, 1984.05, 787.85, 785.12, 788.12, 791.88, 787.43, 784.55, 785.76, 162.09, 166.94, 190.13, 181.38, 180.11, 157.25, 2056.05, 2046.39, 2038.52, 2045.72, 2057.65, 2066.6, 2071.07, 658.37, 662.58, 656.55, 653.96, 660.7, 660.83, 659.56, 659.54, 161.78, 168.28, 160.28, 194.76, 194.75, 229.65, 2951.77, 160.31, 2937.09, 2952.36, 3962.22, 3943.66, 3935.24, 3975.58, 3986.26, 3835.11, 604.89, 603.09, 586.74, 463.27, 467.11, 442.75, 181.24, 212.22, 222.59, 223.62, 229.27, 231.77, 481.84, 480.17, 481.79, 237.57, 238.62, 239.61, 240.45, 242.53, 240.78, 241.42, 242.14, 240.16, 240.58, 236.43, 235.07, 232.47, 228.79, 223.94, 218.57, 216.3, 213.77, 212.8, 211.55, 208.87, 205.96, 205.62, 206.96, 200.32, 191.08, 192.47, 188.16, 192.76, 288.22, 278.27, 278.66, 182.99, 181.81, 190.12, 154.97, 208.13, 2178.66, 2409.78, 2412.23, 2528.77, 2570.31, 2241.96, 2226.11, 2225.89, 2223.8, 238.44, 208.87, 215.05, 228.6, 234.33, 236.38, 241.0, 243.4, 248.3, 252.39, 249.98, 250.47, 252.65, 244.24, 249.28, 362.44, 352.27, 240.38, 2919.27, 2834.94, 2837.73, 2874.76, 2898.27, 223.19, 209.65, 210.99, 210.84, 206.22, 203.01, 201.09, 194.15, 191.18, 190.51, 193.8, 190.1, 187.58, 189.41, 188.02, 577.65, 583.12, 184.51, 187.66, 2252.72, 2202.93, 2219.91, 2245.25, 2248.83, 257.39, 184.8, 202.99, 208.8, 208.58, 208.35, 207.71, 205.87, 205.4, 204.58, 202.43, 202.06, 497.43, 496.2, 496.66, 496.6, 496.1, 496.41, 495.45, 496.07, 493.6, 494.83, 496.82, 502.2, 508.92, 967.13, 978.92, 983.86, 981.08, 966.0, 787.36, 778.17, 781.99, 783.95, 780.79, 777.79, 777.22, 773.05, 767.93, 769.41, 780.5, 784.9, 786.13, 783.29, 781.97, 707.61, 707.61, 697.67, 699.81, 701.26, 701.02, 698.92, 699.27, 700.08, 703.29, 704.87, 700.5, 155.64, 177.91, 154.73, 167.31, 169.61]','2024-08-15 19:33:29.00',0),(72,28,'경상도_일상_2_아이스아메리카노한잔주세요','no path','아이스 아메리카노 한 잔 주세요',NULL,'[196.34, 209.12, 208.41, 207.01, 206.17, 190.04, 184.72, 1034.16, 1046.72, 1045.65, 1050.22, 1037.54, 1046.83, 1048.64, 1040.6, 1046.51, 1046.2, 1047.57, 1047.73, 1045.59, 1048.05, 1571.98, 1574.49, 1575.26, 1571.52, 1570.54, 1576.82, 1578.59, 1572.89, 1567.05, 1524.93, 1573.37, 1570.62, 1574.39, 1586.21, 1525.48, 1554.54, 1564.98, 1579.36, 1582.07, 1578.39, 1513.06, 1497.28, 1499.01, 1513.03, 333.46, 359.16, 354.74, 357.99, 361.63, 369.13, 372.61, 367.07, 362.41, 358.87, 353.15, 351.69, 214.16, 203.27, 158.12, 168.59, 163.47, 191.58, 162.04, 2972.47, 2968.14, 2964.4, 671.19, 657.03, 656.54, 1001.21, 994.14, 1026.59, 746.91, 700.68, 701.23, 715.75, 730.0, 642.73, 185.93, 187.19, 198.17, 211.4, 224.9, 235.35, 241.25, 242.26, 359.06, 353.71, 336.24, 3981.98, 3981.85, 1478.08, 1479.56, 1477.7, 2859.08, 2855.32, 542.07, 569.38, 558.74, 189.95, 190.75, 189.0, 187.45, 186.73, 187.67, 182.43, 188.04, 187.89, 188.71, 188.14, 188.68, 190.13, 188.39, 187.18, 188.97, 189.59, 185.19, 156.06, 2899.58, 374.96, 366.65, 361.57, 184.45, 190.88, 190.57, 185.65, 192.22, 232.35, 229.74, 1170.88, 1176.78, 1167.86, 1189.94, 1176.89, 1170.19, 1182.63, 1103.87, 1121.63, 719.71, 208.13, 209.9, 209.7, 209.53, 207.08, 209.78, 209.33, 205.84, 202.59, 197.26, 190.34, 191.24, 190.93, 189.72, 188.44, 189.08, 274.4, 157.4, 771.83, 752.69, 298.82, 195.38, 191.13, 190.54, 188.69, 185.83, 204.53, 200.48, 194.84, 286.18, 283.02, 283.74, 316.24, 190.81, 186.56, 185.9, 184.49, 183.93, 179.21, 178.62, 173.08, 1169.48, 1164.73, 2300.47, 819.65, 822.21, 817.01, 797.17, 535.5, 544.03, 188.18, 183.44, 177.63, 169.33, 3801.36, 3796.74, 3868.99, 3859.3, 3861.72, 3867.78, 3874.7, 175.18, 181.87, 175.45, 175.8, 174.47, 181.28, 177.41, 176.81, 171.07, 173.97, 177.84, 179.43, 172.0, 441.25, 439.58, 440.19, 440.15, 438.41, 439.54, 439.38, 434.55, 437.49, 440.32, 440.89, 442.95, 442.98, 887.27, 521.6, 522.43, 529.95, 454.6, 440.8, 451.4, 439.98, 436.64, 475.78, 470.78, 461.22, 2926.82, 2954.59]','2024-08-15 19:33:29.00',0),(73,28,'경상도_일상_3_반월당역갈라면어떻게가야합니까','no path','반월당역 갈라면 어떻게 가야합니까',NULL,'[546.23, 666.13, 667.64, 691.59, 704.03, 709.42, 703.9, 773.33, 774.5, 758.58, 183.54, 179.62, 307.51, 206.45, 335.75, 336.51, 337.69, 326.47, 312.3, 303.55, 331.06, 701.54, 707.6, 710.87, 712.99, 754.44, 744.98, 752.38, 706.72, 700.87, 731.99, 744.19, 737.87, 728.47, 727.75, 732.56, 737.12, 742.18, 184.86, 293.34, 232.16, 189.58, 187.01, 184.61, 863.04, 854.14, 193.68, 162.6, 719.8, 716.64, 659.98, 184.64, 188.59, 189.24, 191.5, 206.19, 214.36, 226.98, 237.35, 255.39, 261.07, 267.05, 280.56, 283.64, 423.43, 424.77, 237.17, 204.67, 180.12, 193.38, 197.09, 498.21, 502.34, 235.44, 184.43, 190.42, 186.0, 182.75, 180.97, 180.74, 180.09, 178.11, 178.34, 172.07, 169.13, 167.21, 163.61, 165.36, 166.96, 160.71, 931.68, 920.57, 167.28, 741.97, 908.3, 970.75, 932.07, 920.69, 984.87, 1010.06, 962.93, 203.23, 204.7, 182.7, 171.87, 169.71, 164.84, 161.63, 425.03, 169.73, 168.19, 166.35, 166.74, 172.16, 671.44, 681.89, 168.62, 674.45, 175.38, 168.98, 172.82, 174.23, 172.92, 171.29, 168.94, 168.36, 166.73, 165.13, 163.63, 164.27, 324.38, 312.34, 315.15, 321.93, 327.61, 494.86, 485.48, 470.58, 465.83, 296.71, 273.97, 164.22, 1619.47, 1615.4, 190.36, 165.46, 254.44, 262.99, 260.86, 243.03, 167.02, 160.83, 1630.02, 1633.8, 2209.9, 1596.54, 1613.37, 1165.18, 1164.7, 435.33, 435.33, 441.11, 168.8, 171.18, 171.21, 514.88, 514.75, 511.54, 508.46, 507.96, 509.75, 506.96, 510.03, 505.81, 171.84, 417.61, 413.21, 431.56, 442.39, 443.15, 440.17, 177.49, 175.18, 163.97, 217.35, 208.01, 217.9, 227.55, 223.98, 229.94, 233.43, 226.13, 229.76, 227.75, 1723.83, 192.16, 241.96, 1117.73, 1122.12, 1119.28, 1165.69, 1171.34, 1172.64, 519.2, 502.22, 501.17, 521.66, 559.01, 1105.34, 1104.37, 701.36, 1009.66, 922.47, 1033.68, 1032.61, 1043.81, 1080.59, 1095.05, 1063.52, 1075.13, 1105.27, 190.66, 187.11, 155.52, 471.84, 571.6, 572.03, 587.42, 595.53, 598.75, 596.84, 593.65, 588.84, 593.16, 608.15, 607.51, 601.7, 581.58, 589.07, 597.68, 597.04, 602.75]','2024-08-15 19:33:29.00',0),(74,28,'경상도_일상_4_반갑다친구야오랜만이네','no path','반갑다 친구야 오랜만이네',NULL,'[1196.83, 1190.13, 1185.79, 1162.91, 1147.0, 1038.15, 1053.77, 1157.6, 1044.8, 1062.32, 512.06, 505.49, 1499.7, 1503.62, 1500.47, 1048.74, 1067.92, 1076.43, 1073.21, 1102.49, 1078.18, 1063.07, 1053.79, 1076.91, 1094.79, 1091.37, 1058.92, 1058.83, 1056.6, 1050.07, 1059.59, 1059.06, 164.83, 178.82, 182.69, 184.19, 183.22, 511.45, 293.9, 303.32, 309.56, 317.49, 238.19, 202.38, 212.72, 190.17, 198.7, 208.36, 210.94, 215.83, 227.11, 230.03, 227.66, 230.32, 226.76, 1238.43, 1251.37, 1250.89, 1237.56, 238.6, 245.87, 238.87, 233.42, 1077.25, 1094.63, 1088.46, 1225.68, 1244.25, 1122.91, 473.07, 463.7, 482.87, 171.78, 185.79, 184.95, 176.91, 167.34, 259.72, 3860.36, 3896.44, 3911.52, 3891.27, 3681.96, 3644.64, 3345.61, 3352.71, 3352.71, 2428.69, 177.64, 160.5, 173.06, 171.02, 171.1, 172.74, 174.07, 170.98, 167.93, 161.58, 572.75, 342.54, 353.17, 172.47, 164.03, 324.7, 325.35, 325.33, 320.93, 421.76, 438.94, 444.19, 481.83, 500.58, 1213.55, 1227.11, 1202.59, 1201.84, 1114.53, 1102.15, 1137.9, 817.27, 919.49, 900.11, 1103.45, 1096.03, 1993.79, 156.43, 233.33, 308.23, 2773.45, 209.83, 204.73, 168.26, 274.89, 170.8, 533.12, 678.54, 2282.18, 2878.03, 474.69, 500.86, 500.3, 491.41, 485.37, 2951.91, 492.12, 2205.42, 2210.78, 554.1, 2865.91, 421.73, 414.37, 183.76, 181.09, 185.2, 201.28, 227.36, 237.49, 1315.6, 186.51, 182.13, 175.56, 173.05, 170.87, 167.31, 165.16, 167.27, 169.17, 164.91, 166.0, 166.99, 168.04, 179.87, 182.27, 184.1, 187.32, 190.61, 208.16, 209.4, 208.16, 216.16, 221.65, 224.67, 214.38, 972.83, 978.72, 260.12, 217.48, 226.41, 220.01, 208.98, 192.73, 183.23, 173.25, 171.35, 165.62, 165.12, 166.08, 163.09, 162.21, 159.06, 172.38, 163.74, 162.33, 165.03, 164.18, 164.9, 164.9, 1764.58, 1772.42, 164.32, 1796.78, 1788.72, 184.15, 194.38, 183.97, 184.2, 1147.07, 1103.52, 1107.73, 1113.83, 1122.76, 1124.87, 1105.24, 1101.31, 1094.97, 1102.82, 1094.69, 1096.9, 1084.8, 1081.96, 1091.83, 1108.06, 1067.85, 1038.41, 1018.29, 1020.37, 967.29, 968.73, 955.4, 950.58, 890.45, 894.68, 897.01, 1112.58, 1072.05, 1077.83, 1084.19, 1093.51, 722.95, 725.36]','2024-08-15 19:33:29.00',0),(75,28,'경상도_일상_5_아내지금진짜배고프다','no path','아 내 지금 진짜 배고프다',NULL,'[1477.38, 1477.24, 490.55, 498.5, 497.15, 501.26, 513.4, 405.01, 396.27, 392.26, 838.91, 847.91, 852.52, 864.24, 1806.22, 1803.26, 905.16, 885.22, 866.48, 1778.69, 846.05, 922.52, 913.51, 903.74, 896.35, 919.85, 867.47, 871.86, 890.14, 1670.14, 1669.11, 839.26, 845.53, 840.78, 833.55, 836.1, 836.71, 831.76, 827.68, 828.61, 829.13, 833.49, 832.32, 834.94, 838.08, 835.71, 824.1, 835.71, 841.61, 841.05, 1712.09, 844.28, 1702.21, 1683.3, 1382.87, 1524.13, 1524.57, 1524.44, 1511.92, 1505.17, 1382.25, 1558.23, 1538.19, 1503.81, 1559.4, 1527.89, 1524.67, 464.73, 469.69, 481.93, 604.59, 703.31, 722.0, 1168.13, 713.51, 730.8, 181.96, 182.06, 181.34, 182.93, 186.14, 189.3, 188.13, 190.12, 189.1, 191.01, 194.77, 190.71, 187.9, 189.21, 189.11, 186.11, 188.45, 187.65, 187.93, 186.54, 184.49, 185.12, 184.89, 182.76, 180.91, 183.16, 259.01, 265.33, 280.81, 183.31, 3949.3, 3933.45, 3941.18, 3914.28, 3914.27, 3487.29, 3424.02, 3426.69, 2440.88, 212.71, 1388.49, 182.46, 183.33, 355.6, 160.97, 206.62, 207.18, 299.6, 180.48, 189.45, 161.93, 188.09, 251.4, 266.72, 187.0, 270.17, 256.88, 238.8, 225.75, 3565.1, 3468.52, 3493.69, 3488.33, 3470.61, 3472.36, 3525.71, 3532.52, 3509.99, 3610.65, 227.92, 204.38, 206.74, 328.85, 336.13, 342.76, 341.06, 275.29, 1095.09, 1104.44, 3422.2, 3433.95, 3439.22, 3132.63, 467.26, 420.34, 436.59, 422.67, 186.04, 337.34, 213.85, 266.23, 398.7, 575.92, 565.7, 245.12, 197.44, 196.19, 200.36, 467.78, 196.76, 186.67, 447.31, 330.35, 284.71, 373.79, 404.07, 405.49, 396.72, 163.31, 591.13, 593.51, 228.63, 1103.98, 1116.89, 1123.87, 1112.82, 1101.79, 421.17, 164.47, 294.81, 264.88, 173.53, 189.07, 237.26, 250.87, 301.9, 2175.54, 2190.29, 510.42, 507.87, 495.69, 496.46, 553.13, 577.39, 581.55, 522.07, 611.73, 611.03, 615.58, 628.33, 618.73, 625.47, 628.08, 630.14, 631.98, 632.45, 633.82, 634.07, 633.99, 635.35, 634.25, 632.5, 631.41, 629.42, 618.45, 615.16, 628.19, 630.24, 632.05, 631.67, 631.42, 634.36, 631.42, 628.75, 626.05, 628.22, 632.58, 630.91, 646.57, 1051.05, 1048.19, 1059.35, 1248.61, 1224.21, 1205.04, 1280.29, 1289.41, 1863.07, 1847.17, 1806.49, 2221.05, 2227.33]','2024-08-15 19:33:29.00',0),(76,52,'경기도_뉴스_1_출근길시민들이큰불편을겪었습니다','no path','출근길 시민들이 큰 불편을 겪었습니다',NULL,'[764.46, 765.46, 768.66, 200.41, 182.28, 164.56, 3989.12, 3985.46, 3964.36, 3564.56, 286.89, 297.08, 302.41, 305.97, 309.49, 313.97, 314.34, 308.88, 301.64, 282.45, 274.12, 272.0, 289.38, 316.05, 634.99, 631.14, 628.6, 630.17, 628.9, 626.06, 630.67, 621.98, 274.16, 241.31, 238.6, 262.02, 305.91, 330.27, 329.66, 328.31, 325.81, 321.21, 315.46, 308.09, 1838.81, 1824.18, 290.32, 274.72, 246.51, 3884.59, 3893.69, 3761.87, 3936.28, 3913.85, 289.59, 285.69, 283.28, 278.04, 254.5, 257.43, 257.29, 256.12, 255.35, 504.84, 492.84, 492.24, 240.01, 233.8, 233.61, 230.96, 227.91, 224.43, 218.93, 227.3, 448.43, 454.75, 453.25, 450.84, 450.9, 469.61, 443.82, 459.46, 471.97, 466.18, 451.37, 421.03, 398.81, 374.96, 355.41, 341.0, 330.12, 325.25, 341.21, 468.94, 467.93, 188.09, 705.44, 712.09, 1463.51, 1415.97, 1436.9, 1475.17, 1490.01, 329.61, 338.11, 349.31, 358.23, 365.78, 363.04, 357.22, 697.06, 677.74, 647.2, 626.11, 609.53, 589.59, 275.29, 260.71, 244.01, 229.58, 211.56, 197.06, 188.76, 206.87, 206.2, 204.31, 216.07, 445.52, 453.57, 463.93, 468.62, 470.02, 463.99, 450.5, 192.27, 184.29, 460.79, 464.56, 465.2, 460.16, 289.2, 290.68, 283.05, 541.85, 534.12, 520.01, 516.79, 512.59, 491.26, 495.84, 495.09, 491.95, 1444.42, 683.64, 655.75, 618.91, 589.59, 368.93, 347.0, 329.04, 333.47, 153.6, 192.51, 210.18, 457.79, 439.64, 442.24, 451.21, 460.8, 469.3, 445.82, 453.34, 998.5, 997.39, 515.92, 508.11, 719.58, 701.94, 694.34, 704.6, 710.87, 721.63, 745.49, 192.29, 232.22, 219.91, 210.33, 210.94, 206.09, 196.32, 190.41, 186.91, 183.36, 171.1, 166.42, 159.78, 459.25, 258.22, 576.61, 573.69, 670.37, 656.73, 730.76, 704.55, 690.57, 790.82, 791.53, 1046.92, 755.25, 744.19, 782.97, 786.83, 158.72, 162.51]','2024-08-15 19:33:29.00',0),(77,52,'경기도_뉴스_2_꽁꽁얼어붙은한강위로고양이가걸어다닙니다','no path','꽁꽁 얼어붙은 한강 위로 고양이가 걸어다닙니다',NULL,'[192.89, 204.73, 273.25, 256.85, 244.05, 192.27, 255.23, 238.77, 232.38, 300.78, 278.76, 267.51, 535.03, 539.6, 542.99, 536.33, 533.6, 535.41, 543.75, 280.52, 281.05, 278.23, 269.51, 257.36, 235.14, 255.67, 276.19, 282.29, 288.79, 413.47, 291.33, 283.44, 559.87, 556.23, 548.68, 540.62, 536.62, 532.18, 263.98, 260.02, 254.39, 242.51, 232.21, 218.83, 625.46, 610.38, 601.51, 596.48, 599.64, 603.35, 606.29, 610.6, 611.78, 443.91, 443.96, 666.5, 676.42, 681.66, 684.81, 906.63, 886.76, 864.87, 194.96, 188.88, 190.31, 203.04, 428.44, 438.79, 440.76, 436.64, 421.64, 186.21, 183.38, 189.33, 212.26, 236.38, 2772.78, 1641.73, 274.76, 256.98, 242.14, 499.84, 236.63, 234.91, 228.39, 226.68, 226.65, 227.48, 226.89, 218.55, 213.53, 1609.87, 1598.57, 236.28, 1572.66, 1583.86, 258.15, 259.85, 259.4, 257.38, 257.37, 257.86, 258.13, 259.11, 259.73, 259.41, 256.05, 253.2, 543.22, 809.29, 807.09, 800.78, 795.57, 785.47, 772.11, 1002.61, 1006.34, 249.37, 244.19, 240.81, 236.81, 231.3, 224.25, 214.79, 208.65, 199.52, 189.28, 183.13, 356.4, 355.08, 355.7, 358.68, 361.2, 359.52, 351.44, 171.77, 392.31, 394.93, 398.6, 399.15, 395.07, 384.45, 374.46, 359.42, 344.91, 320.7, 295.72, 405.52, 387.41, 372.6, 362.67, 406.46, 441.39, 362.54, 368.49, 211.38, 200.27, 232.57, 235.57, 223.19, 207.12, 203.5, 227.1, 162.4, 437.82, 437.4, 201.55, 384.43, 381.84, 383.74, 393.23, 402.4, 417.34, 425.65, 439.26, 2015.53, 462.88, 466.14, 465.47, 706.06, 718.33, 721.31, 718.17, 720.57, 725.89, 729.03, 726.76, 960.29, 237.95, 236.83, 235.36, 234.85, 233.98, 232.82, 231.52, 230.68, 229.41, 226.49, 216.81, 438.38, 455.99, 696.6, 697.52, 687.2, 674.55, 657.46, 639.91, 1227.03, 1185.02, 1082.15, 988.78, 979.93, 974.71, 3733.2, 3650.38, 755.41, 156.06, 173.78, 535.9, 533.42, 534.21, 542.42, 368.39, 1115.88, 412.42, 417.72, 1060.14, 653.44, 662.75, 668.29, 442.39, 398.66, 444.02, 454.42, 669.91, 672.37, 667.91, 656.08, 636.56, 629.78, 620.94, 194.06, 192.35, 189.73, 188.38, 186.7, 180.39, 167.45, 164.36, 160.51, 154.33, 2223.87, 284.49, 278.5, 272.59, 2274.81, 3565.33, 3517.74, 3528.5, 228.91, 212.64, 207.6, 193.85, 1520.52, 1499.32, 742.75, 730.59, 1293.72, 1250.58, 1227.99, 1173.18, 1151.44, 1129.12, 1122.91, 221.99, 232.55, 228.54]','2024-08-15 19:33:29.00',0),(78,52,'경기도_뉴스_3_41년만에가장추웠던어제보다는기온이조금올랐지만','no path','41년만에 가장 추웠던 어제보다는 기온이 조금 올랐지만',NULL,'[289.0, 256.41, 249.98, 260.07, 185.12, 179.47, 184.66, 205.4, 280.11, 1648.88, 1660.87, 2231.34, 204.04, 852.69, 616.91, 785.4, 791.77, 612.75, 627.15, 633.83, 635.51, 368.94, 3890.69, 3984.72, 249.05, 261.02, 273.72, 278.64, 278.3, 264.1, 229.71, 228.73, 243.62, 261.81, 264.86, 263.92, 262.09, 260.62, 1848.63, 1855.53, 531.5, 531.37, 530.6, 532.39, 535.72, 541.38, 547.18, 547.53, 541.14, 534.9, 532.23, 1054.96, 1049.59, 1050.33, 1050.27, 1046.83, 1036.72, 1029.26, 1021.28, 1009.03, 1008.93, 765.48, 762.07, 756.08, 752.12, 749.21, 746.98, 745.34, 743.07, 739.41, 1475.05, 520.77, 1764.08, 1768.21, 1764.19, 1756.41, 743.93, 734.95, 726.36, 1922.53, 1711.0, 1721.57, 1582.05, 1560.52, 1523.16, 1503.4, 1477.18, 1481.23, 1474.2, 881.96, 1302.52, 736.6, 731.29, 527.47, 169.38, 171.94, 178.71, 438.42, 1338.6, 1362.67, 703.18, 699.03, 1158.17, 1164.19, 937.36, 931.74, 233.55, 233.54, 232.29, 226.05, 209.16, 192.6, 203.53, 2929.97, 2915.13, 3022.43, 3289.73, 2996.97, 3011.3, 3039.2, 259.01, 269.99, 267.74, 520.92, 507.94, 986.37, 977.96, 962.99, 472.14, 470.36, 469.1, 487.95, 258.67, 190.81, 257.32, 260.05, 467.66, 356.97, 560.07, 509.48, 495.53, 972.32, 726.86, 719.76, 707.74, 699.97, 215.66, 211.49, 207.55, 203.17, 551.88, 523.57, 504.01, 491.76, 489.76, 494.16, 502.81, 510.76, 512.29, 510.05, 163.03, 163.16, 167.81, 396.99, 429.7, 452.88, 465.84, 468.61, 467.34, 461.45, 451.44, 444.43, 405.52, 399.28, 193.9, 399.64, 419.36, 428.88, 438.0, 435.46, 425.05, 416.87, 403.57, 381.02, 357.97, 350.19, 595.14, 594.66, 589.64, 581.33, 757.41, 755.32, 755.79, 758.4, 765.75, 575.75, 188.08, 192.23, 197.47, 208.66, 650.63, 660.05, 669.71, 670.78, 661.4, 650.32, 630.56, 1661.95, 1727.46, 1724.01, 158.02, 287.16, 276.2, 262.11, 254.2, 250.89, 247.77, 244.54, 233.24, 213.86, 184.17, 166.98, 3221.09, 3415.46, 3405.9, 3289.94, 3193.27, 3187.14, 3172.39, 3129.77, 192.45, 193.79, 197.52, 402.28, 406.39, 408.75, 405.06, 406.54, 414.38, 418.99, 422.33, 425.1, 211.61, 213.69, 217.91, 223.58, 230.37, 231.97, 229.73, 226.87, 223.45, 217.28, 205.71, 190.75, 188.63, 169.22, 3079.12, 3065.83, 3074.76, 3088.56, 468.2, 468.29, 467.67, 466.46, 465.49, 462.57, 457.01, 429.72, 418.46, 416.5, 425.45, 453.25, 470.11, 475.89, 473.65, 470.13, 213.05, 215.25, 213.23, 209.15, 204.67, 192.84, 357.54, 340.92, 323.42, 305.78, 300.24, 301.44, 304.46, 308.46, 312.62, 321.0, 328.83, 348.39, 362.08, 725.27, 725.34, 728.6, 740.31, 550.97, 509.63, 185.93, 181.98, 167.72, 185.76, 188.78, 182.92, 170.12, 164.15, 161.51, 159.9, 160.0, 158.53, 161.22, 165.5, 704.68, 730.52, 749.23, 757.67, 759.08, 749.95, 729.31, 704.29, 676.27, 1511.93, 1506.99, 1521.19, 232.23, 223.77]','2024-08-15 19:33:29.00',0),(79,52,'경기도_뉴스_4_주택가골목길곳곳엔빙판길이만들어졌습니다','no path','주택가 골목길 곳곳엔 빙판길이 만들어졌습니다',NULL,'[192.97, 167.13, 229.48, 3016.43, 3041.76, 185.93, 209.82, 3150.78, 3020.32, 3042.46, 3042.18, 3315.07, 3174.38, 201.1, 194.46, 195.39, 194.04, 181.76, 178.03, 188.14, 200.45, 211.44, 164.99, 169.18, 2505.39, 278.76, 273.43, 536.42, 534.33, 522.57, 510.34, 498.12, 499.14, 1516.72, 488.47, 471.63, 445.03, 482.93, 1290.24, 1296.83, 1331.69, 1323.29, 1290.0, 776.09, 774.16, 771.05, 764.14, 752.82, 743.48, 731.95, 980.51, 484.18, 476.19, 517.84, 506.31, 501.95, 473.41, 208.96, 421.26, 416.01, 398.45, 397.01, 398.63, 401.01, 402.39, 199.58, 204.07, 206.67, 208.24, 210.88, 217.86, 230.03, 470.38, 473.07, 473.0, 468.95, 679.89, 201.48, 204.86, 215.82, 690.94, 281.94, 403.85, 291.2, 221.01, 2662.97, 316.03, 270.59, 259.35, 252.65, 494.3, 493.26, 492.33, 486.96, 485.21, 487.65, 486.31, 483.68, 477.73, 470.79, 194.51, 192.78, 197.07, 190.07, 540.51, 604.97, 613.96, 671.04, 161.75, 168.48, 166.31, 160.84, 295.23, 224.84, 160.43, 171.19, 166.28, 469.98, 546.96, 584.31, 383.9, 378.72, 384.03, 391.79, 391.33, 387.44, 384.73, 382.0, 375.77, 361.2, 352.48, 164.52, 223.13, 460.66, 467.92, 473.15, 474.76, 707.13, 700.4, 683.5, 662.9, 633.09, 1679.52, 1789.14, 158.05, 280.55, 262.79, 253.52, 249.35, 241.58, 228.44, 215.88, 202.34, 2843.97, 2895.19, 2943.43, 3041.5, 3029.73, 3020.69, 195.21, 190.34, 190.58, 194.93, 199.04, 202.24, 204.19, 205.96, 207.95, 208.6, 204.95, 197.04, 199.97, 203.16, 3402.93, 3325.8, 247.25, 776.42, 777.39, 777.75, 771.53, 243.57, 249.15, 249.43, 249.06, 248.66, 248.49, 246.91, 240.26, 227.04, 209.18, 204.76, 211.48, 182.2, 3192.01, 256.98, 251.36, 243.81, 240.5, 2638.12, 2630.6, 2624.85, 205.46, 214.87, 2357.22, 2353.82, 2510.56, 220.33, 213.37, 205.99, 183.85, 171.16, 161.8, 308.18, 607.99, 720.88, 839.53, 835.99, 842.48, 724.87, 741.1, 606.37, 168.61, 171.47, 177.34, 182.47, 185.89, 187.12, 184.2, 179.78, 423.9, 430.02, 424.59, 426.4, 449.45, 449.27, 442.54, 427.81, 417.05, 400.04, 381.24, 372.38, 390.04, 396.38, 390.71, 376.78, 536.58, 515.39, 501.47, 513.34, 183.69, 156.62, 165.66, 160.43, 153.27, 288.73, 281.91, 275.93, 264.56, 258.44, 256.56, 257.65, 241.49, 236.95, 224.73, 207.88, 200.55, 1575.71, 1512.67, 762.87, 761.45, 847.44, 841.23, 838.88, 1150.63, 1134.38, 1109.75]','2024-08-15 19:33:29.00',0),(80,52,'경기도_뉴스_5_강추위가이어질전망입니다','no path','강추위가 이어질 전망입니다',NULL,'[186.41, 185.6, 1090.8, 715.07, 181.25, 184.55, 184.92, 187.15, 188.44, 190.6, 193.15, 192.75, 190.24, 182.95, 175.31, 196.17, 2956.69, 3274.6, 3220.89, 3205.01, 3194.28, 3121.54, 3129.74, 267.79, 262.35, 256.07, 251.03, 243.59, 237.55, 237.51, 234.15, 231.3, 2302.49, 2299.53, 2298.0, 2320.43, 2261.31, 210.76, 462.4, 474.07, 720.73, 723.29, 721.91, 718.19, 714.28, 709.08, 703.12, 695.3, 443.35, 420.09, 407.08, 204.29, 198.71, 192.26, 189.16, 188.23, 189.34, 381.75, 387.08, 388.47, 387.14, 390.4, 392.11, 585.3, 583.37, 388.05, 382.04, 367.81, 180.88, 177.22, 188.33, 400.63, 415.69, 422.53, 417.9, 403.5, 396.63, 392.46, 385.1, 377.05, 368.39, 177.67, 210.64, 3811.92, 3753.15, 3562.86, 172.21, 182.77, 193.42, 197.01, 178.51, 163.6, 163.72, 163.73, 165.93, 168.99, 173.68, 179.97, 182.91, 186.1, 193.7, 1054.29, 1066.9, 1070.85, 1074.6, 1076.52, 633.5, 205.4, 199.3, 190.96, 186.28, 178.3, 168.82, 162.34, 152.58, 288.7, 280.45, 274.6, 261.55, 258.76, 258.87, 378.08, 373.2, 360.94, 352.08, 214.88, 646.86, 682.53, 686.27, 774.15, 795.78, 748.29, 1220.98, 1215.57, 211.91, 211.31, 209.92, 1140.94, 182.83, 203.83, 229.76, 215.23, 276.12, 273.8, 204.0, 195.93, 178.84]','2024-08-15 19:33:29.00',0),(81,53,'경기도_뉴스_6_1년사이26.7%급증했습니다','no path','1년 사이 26.7% 급증했습니다',NULL,'[236.81, 237.45, 235.82, 237.98, 240.69, 243.63, 247.88, 250.72, 251.1, 251.95, 254.39, 255.87, 257.75, 260.19, 263.65, 267.13, 272.4, 548.08, 557.65, 560.75, 553.63, 819.46, 820.03, 817.58, 812.25, 807.0, 804.85, 267.44, 268.93, 265.85, 258.87, 246.22, 229.3, 246.62, 251.56, 1010.25, 988.44, 953.78, 830.21, 1002.39, 786.02, 774.02, 771.39, 770.34, 772.86, 590.75, 597.45, 414.02, 420.02, 436.29, 241.07, 251.83, 256.98, 259.95, 261.37, 259.82, 256.19, 248.44, 236.68, 227.48, 421.24, 392.12, 361.26, 340.1, 322.95, 308.32, 303.78, 324.64, 324.53, 299.76, 259.61, 228.63, 241.17, 180.18, 198.6, 213.49, 223.16, 229.79, 233.87, 238.55, 246.64, 254.03, 259.26, 264.13, 265.81, 263.05, 260.83, 3304.17, 3275.27, 3362.42, 3225.96, 3211.48, 369.25, 360.98, 355.82, 355.44, 345.34, 341.93, 345.16, 346.16, 344.83, 342.94, 341.16, 336.35, 331.51, 328.31, 325.76, 322.79, 322.34, 323.67, 322.34, 321.17, 319.17, 314.3, 306.46, 278.69, 275.89, 281.46, 330.17, 319.08, 333.02, 331.26, 323.8, 3681.16, 3677.43, 503.48, 596.73, 597.94, 587.99, 573.26, 840.57, 828.46, 822.96, 1100.22, 269.09, 272.11, 273.92, 275.26, 272.89, 266.99, 265.58, 3878.39, 3878.09, 3879.63, 3990.16, 3990.96, 3789.06, 259.11, 274.37, 279.7, 278.83, 271.45, 515.07, 503.98, 497.16, 492.13, 213.57, 503.04, 497.0, 493.69, 494.49, 718.79, 707.88, 698.42, 910.56, 668.52, 655.91, 641.66, 423.57, 203.4, 176.72, 234.74, 231.97, 452.45, 432.45, 202.12, 192.51, 188.15, 186.6, 189.37, 193.01, 190.18, 178.49, 178.34, 181.51, 193.32, 260.06, 258.39, 508.97, 498.5, 221.08, 211.87, 206.32, 1598.06, 1645.47, 1656.93, 247.69, 242.73, 239.87, 236.54, 215.45, 196.16, 191.43, 184.99, 179.55, 179.58, 184.39, 188.08, 184.68, 184.6, 183.33, 253.76, 503.05, 518.24, 270.15, 265.03, 259.22, 255.03, 246.12, 240.76, 235.79, 230.69, 221.26, 212.99, 208.17, 201.55, 586.32, 575.78, 192.32, 188.34, 182.61, 173.22, 180.62, 186.25, 3941.69, 194.25, 185.87, 182.98, 181.54, 178.77, 174.48, 169.03, 163.22, 158.22, 157.13, 153.12, 300.45, 288.6, 284.52, 279.32, 274.68, 268.09, 260.38, 242.89, 219.4, 254.25, 190.69, 603.22, 599.17, 626.35, 862.55, 850.7, 843.65, 826.71, 919.37, 1039.57, 1088.15, 1078.32, 1084.34, 1101.17]','2024-08-15 19:33:29.00',0),(82,53,'경기도_뉴스_7_피해학생이멈추라고소리칩니다','no path','피해 학생이 멈추라고 소리칩니다',NULL,'[361.08, 363.36, 366.92, 368.05, 366.74, 365.09, 364.95, 362.23, 358.38, 356.29, 353.94, 703.89, 700.06, 696.77, 694.54, 690.68, 685.81, 682.0, 678.42, 1005.91, 989.65, 970.76, 940.28, 912.23, 872.69, 1087.48, 1034.45, 1006.77, 985.01, 1291.71, 747.3, 1391.37, 546.26, 403.96, 425.66, 420.88, 403.78, 565.14, 562.89, 561.21, 187.67, 187.63, 193.85, 200.63, 207.64, 213.4, 223.01, 233.34, 245.03, 255.09, 258.99, 265.39, 273.52, 277.58, 278.22, 275.8, 267.97, 259.34, 247.8, 449.87, 426.03, 405.35, 383.63, 179.62, 182.51, 187.58, 190.07, 197.32, 207.23, 217.19, 569.33, 567.57, 568.84, 581.91, 424.63, 446.01, 462.6, 467.43, 235.83, 248.35, 253.54, 261.37, 273.71, 281.26, 289.22, 298.5, 300.94, 296.42, 279.04, 288.15, 2461.57, 3316.34, 3559.64, 3580.41, 3592.62, 3056.77, 3472.74, 3504.9, 341.9, 349.62, 354.16, 352.25, 334.04, 297.51, 633.08, 630.36, 616.34, 879.35, 863.36, 847.3, 833.35, 819.52, 805.74, 794.73, 778.69, 511.04, 507.48, 488.71, 454.85, 1111.54, 1104.88, 1101.21, 510.04, 513.73, 511.75, 495.05, 472.19, 443.34, 422.35, 395.48, 369.75, 356.67, 345.38, 335.5, 502.63, 500.81, 504.34, 181.55, 183.88, 3734.18, 3744.67, 3885.3, 3833.1, 3905.42, 3838.64, 3817.43, 288.97, 306.58, 322.93, 325.8, 320.46, 268.78, 263.13, 282.86, 291.68, 283.76, 278.75, 273.25, 262.82, 249.3, 233.55, 254.99, 183.31, 186.09, 229.8, 232.57, 228.11, 217.82, 208.2, 197.31, 188.57, 183.92, 178.02, 171.65, 166.68, 157.27, 303.96, 294.45, 286.75, 284.93, 278.78, 272.47, 259.63, 206.93, 202.68, 212.21, 200.9, 190.55, 959.99, 936.28, 915.29, 1002.7, 978.75, 1072.6, 1085.43, 1060.18]','2024-08-15 19:33:29.00',0),(83,53,'경기도_뉴스_8_곧바로교사와상담이이루어집니다','no path','곧바로 교사와 상담이 이루어집니다',NULL,'[192.06, 221.52, 229.22, 231.9, 462.7, 458.8, 453.91, 448.35, 197.22, 193.01, 180.96, 178.14, 182.9, 2594.47, 486.28, 491.94, 536.52, 759.24, 750.9, 741.87, 728.83, 721.02, 720.31, 723.24, 724.69, 726.24, 727.31, 524.05, 539.46, 557.61, 575.71, 588.32, 605.4, 309.1, 307.69, 300.61, 268.01, 243.88, 314.75, 2541.07, 2568.34, 2587.92, 2629.87, 249.73, 248.74, 250.78, 249.68, 243.57, 239.26, 236.15, 232.99, 232.37, 230.5, 222.59, 212.49, 203.01, 216.26, 293.73, 301.59, 616.95, 614.53, 896.13, 870.14, 850.84, 819.78, 809.81, 799.44, 793.17, 783.27, 782.63, 522.11, 521.45, 522.21, 521.59, 773.84, 774.31, 770.64, 758.87, 749.48, 1234.56, 1224.23, 963.16, 948.28, 933.92, 915.41, 898.16, 891.01, 682.88, 696.99, 715.07, 1408.08, 1783.58, 1803.1, 1538.05, 1560.23, 3477.87, 3481.48, 3407.42, 3424.75, 3549.98, 358.51, 371.54, 370.72, 361.01, 354.05, 349.1, 344.01, 334.82, 329.06, 320.8, 304.96, 283.66, 282.05, 330.18, 634.74, 885.95, 832.72, 792.06, 753.46, 728.66, 719.74, 713.44, 231.77, 234.12, 233.16, 232.21, 230.82, 231.35, 230.65, 229.15, 227.78, 227.32, 227.79, 227.74, 228.0, 223.66, 209.26, 196.57, 204.2, 444.12, 449.31, 448.07, 442.29, 432.73, 424.07, 420.26, 416.76, 208.18, 205.51, 194.4, 181.31, 175.93, 180.98, 212.27, 206.25, 196.94, 186.22, 175.19, 168.57, 165.57, 161.59, 160.56, 161.2, 158.9, 154.22, 303.91, 291.14, 284.17, 282.24, 279.71, 276.35, 273.54, 265.49, 249.73, 228.63, 253.07, 155.57, 623.12, 633.84, 734.26, 720.57, 1663.92, 898.13, 877.29, 876.13, 1591.98, 1581.27, 232.53, 244.48]','2024-08-15 19:33:29.00',0),(84,53,'경기도_뉴스_9_학교폭력을예방하기위해도입된멈춰프로그램입니다','no path','학교폭력을 예방하기위해 도입된 멈춰 프로그램입니다',NULL,'[184.0, 181.75, 185.57, 191.7, 186.87, 174.17, 3813.16, 3808.35, 3911.04, 3922.21, 3959.77, 3936.76, 1404.81, 1059.67, 1077.47, 1063.07, 1052.17, 1044.4, 1012.02, 1036.5, 1462.25, 255.56, 163.83, 172.49, 272.99, 260.58, 258.22, 255.82, 251.93, 2683.4, 2663.15, 345.52, 349.77, 352.96, 353.86, 708.75, 711.63, 718.79, 721.69, 717.66, 329.87, 318.01, 328.2, 317.68, 186.41, 188.72, 176.33, 699.16, 694.89, 351.17, 352.17, 355.48, 357.39, 353.15, 341.45, 336.72, 333.77, 328.26, 326.48, 325.83, 325.05, 323.81, 322.28, 320.91, 319.47, 318.46, 317.74, 319.71, 323.11, 324.52, 323.99, 640.93, 632.83, 931.74, 922.66, 918.14, 916.32, 605.44, 602.59, 583.53, 550.67, 261.76, 266.15, 285.72, 329.49, 334.38, 332.84, 331.6, 329.14, 325.85, 318.93, 305.78, 285.86, 271.44, 258.59, 249.35, 240.62, 232.49, 441.32, 433.29, 422.04, 405.87, 407.0, 412.34, 419.91, 429.43, 442.82, 449.92, 447.13, 207.8, 207.31, 209.97, 549.06, 818.63, 824.39, 826.53, 837.44, 852.19, 858.87, 856.71, 856.79, 286.84, 291.76, 296.25, 299.36, 1197.57, 1196.82, 892.18, 885.46, 874.39, 869.8, 871.76, 582.33, 575.71, 260.97, 253.18, 242.01, 244.75, 258.14, 269.65, 276.6, 277.19, 274.84, 268.76, 261.86, 256.35, 242.63, 232.51, 224.5, 221.13, 220.24, 226.84, 235.9, 239.9, 239.84, 238.75, 239.01, 2619.72, 2616.71, 478.06, 480.66, 479.98, 475.52, 468.24, 457.01, 448.37, 440.97, 437.44, 447.55, 190.23, 170.47, 179.37, 211.49, 215.66, 211.82, 210.76, 209.28, 204.45, 199.96, 194.81, 384.34, 192.44, 191.91, 194.42, 192.05, 186.53, 185.45, 182.95, 179.06, 170.65, 183.36, 188.24, 188.99, 179.17, 179.86, 187.29, 180.99, 425.29, 441.42, 437.91, 447.91, 489.25, 500.99, 510.96, 517.25, 524.9, 532.64, 536.6, 539.1, 815.24, 813.59, 807.05, 526.86, 504.74, 249.66, 242.22, 232.88, 220.88, 208.12, 189.92, 180.02, 172.47, 261.43, 254.5, 250.3, 260.12, 177.21, 181.97, 195.38, 207.23, 211.07, 210.71, 209.04, 206.22, 182.96, 536.76, 555.72, 581.34, 609.3, 635.89, 443.25, 459.95, 470.73, 477.11, 234.91, 237.19, 238.84, 244.07, 250.77, 256.39, 262.1, 269.8, 278.05, 283.09, 286.07, 283.17, 275.27, 278.24, 288.78, 3330.0, 3364.17, 3335.61, 3535.6, 3512.59, 3518.18, 3895.58, 2744.86, 2726.1, 312.82, 326.02, 336.13, 703.2, 710.52, 702.96, 677.26, 975.15, 946.97, 929.99, 917.32, 907.02, 890.37, 876.37, 864.14, 846.57, 826.25, 801.07, 776.9, 757.34, 746.05, 730.8, 726.14, 469.66, 746.03, 747.31, 748.21, 514.18, 322.09, 324.55, 327.62, 320.36, 312.57, 348.05, 349.73, 346.18, 338.53, 333.54, 330.1, 326.04, 320.59, 312.59, 317.98, 255.85, 250.64, 243.6, 248.85, 286.06, 293.23, 294.27, 286.53, 277.01, 265.58, 536.85, 525.95, 514.07, 498.52, 473.74, 214.98, 211.92, 210.69, 207.04, 203.68, 200.31, 197.27, 192.68, 189.0, 183.22, 179.4, 176.82, 172.26, 167.47, 162.52, 160.63, 160.12, 158.8, 156.75, 153.03, 298.69, 287.9, 283.34, 283.78, 286.91, 285.03, 275.7, 263.97, 258.0, 260.48, 269.57, 246.6, 672.8, 675.76, 756.28, 744.99, 858.25, 958.92, 1020.5, 1024.96, 1048.03, 1064.22, 1047.77, 1044.42, 1420.26]','2024-08-15 19:33:29.00',0),(85,53,'경기도_뉴스_10_학교폭력을줄이는방안으로주목받고있습니다','no path','학교폭력을 줄이는 방안으로 주목받고있습니다',NULL,'[3157.93, 3135.82, 3982.99, 3972.13, 1177.82, 1023.54, 1056.19, 1057.7, 1053.07, 692.99, 312.16, 276.25, 268.3, 317.95, 318.43, 328.17, 327.07, 319.11, 2530.73, 353.01, 352.91, 352.88, 352.59, 351.09, 349.61, 342.68, 311.27, 275.23, 265.29, 319.86, 321.66, 327.64, 326.86, 309.18, 303.08, 296.62, 290.27, 285.92, 279.33, 269.99, 261.37, 256.16, 252.44, 249.8, 244.67, 240.24, 238.08, 236.16, 235.81, 467.24, 462.44, 448.05, 651.76, 639.6, 633.11, 622.05, 609.45, 395.57, 199.38, 199.38, 203.59, 464.34, 518.98, 549.65, 567.35, 584.41, 603.8, 313.39, 314.29, 308.96, 295.95, 276.72, 272.13, 261.65, 254.3, 3456.05, 3454.32, 3452.96, 3453.46, 3443.74, 3388.6, 2802.2, 3239.32, 3232.45, 3562.95, 213.36, 238.9, 240.53, 239.86, 238.6, 238.52, 237.94, 237.41, 238.48, 220.76, 213.06, 233.28, 262.12, 275.13, 280.96, 284.62, 286.89, 284.56, 284.83, 290.43, 289.36, 282.26, 282.82, 283.62, 284.46, 286.99, 296.77, 303.39, 607.42, 605.93, 604.12, 602.24, 598.86, 593.11, 586.9, 288.98, 288.88, 287.98, 289.15, 290.04, 289.54, 288.51, 283.78, 272.3, 258.67, 242.94, 234.55, 824.97, 1006.46, 1040.78, 1039.34, 1123.53, 1113.06, 1165.41, 190.35, 190.62, 189.66, 188.6, 188.77, 190.13, 194.97, 200.52, 204.23, 205.55, 206.56, 208.8, 634.91, 633.87, 835.85, 823.99, 814.75, 802.06, 799.11, 794.53, 784.71, 191.1, 190.39, 191.46, 187.56, 184.44, 181.95, 180.33, 175.43, 172.82, 170.47, 168.09, 162.72, 161.15, 169.28, 413.71, 434.59, 448.4, 463.1, 483.73, 495.44, 491.83, 214.76, 210.75, 3144.36, 3138.86, 3138.48, 3161.62, 3355.04, 253.26, 254.05, 255.65, 255.93, 255.98, 256.56, 255.57, 248.74, 245.67, 247.22, 247.44, 249.03, 254.54, 261.36, 264.79, 264.14, 261.04, 250.11, 235.35, 191.24, 174.82, 164.82, 769.39, 1187.94, 601.77, 637.5, 631.61, 609.2, 761.19, 742.7, 722.15, 176.44, 171.77, 184.89, 190.14, 184.85, 176.17, 189.59, 365.45, 516.06, 428.17, 417.75, 408.46, 398.25, 382.51, 373.35, 372.36, 375.28, 189.16, 183.54, 171.36, 178.37, 3918.47, 3931.61, 3962.29, 3979.93, 3781.34, 3903.63, 3903.04, 198.6, 190.84, 185.47, 178.09, 169.24, 163.21, 307.43, 299.16, 285.59, 280.15, 277.09, 269.96, 265.85, 259.69, 255.51, 251.97, 239.71, 225.68, 1862.16, 1860.0, 685.49, 693.86, 724.69, 722.46, 946.33, 962.71, 959.45, 951.75, 935.82, 1047.27, 1051.27, 1158.46, 1151.87, 1560.47]','2024-08-15 19:33:29.00',0),(86,54,'경기도_뉴스_11_요즘날씨예보참짜증나죠','no path','요즘 날씨 예보 참 짜증나죠',NULL,'[279.44, 293.71, 306.95, 317.99, 331.49, 342.8, 356.22, 369.79, 366.04, 350.63, 342.68, 327.14, 300.86, 1185.69, 446.52, 442.94, 447.16, 457.5, 464.85, 468.67, 476.74, 959.05, 959.5, 958.42, 955.24, 952.72, 468.18, 472.07, 471.35, 471.35, 471.9, 471.55, 470.41, 470.21, 468.71, 460.52, 448.61, 433.3, 407.72, 370.96, 355.77, 709.78, 699.76, 927.05, 906.3, 891.18, 885.87, 2104.86, 610.02, 624.72, 640.44, 355.78, 357.23, 358.3, 366.52, 370.42, 350.11, 352.97, 519.64, 457.58, 448.77, 440.3, 2163.9, 2155.35, 2140.78, 2126.25, 425.88, 425.42, 424.11, 422.99, 422.85, 421.94, 417.46, 384.37, 376.81, 394.4, 407.0, 420.87, 423.86, 842.88, 843.49, 842.42, 841.52, 842.09, 842.49, 841.59, 1277.27, 839.13, 842.8, 847.63, 1717.32, 1689.77, 1704.66, 1708.97, 1712.96, 1004.34, 915.26, 910.38, 939.91, 961.32, 961.26, 824.01, 795.01, 789.52, 793.09, 796.6, 792.83, 790.65, 795.33, 398.13, 400.09, 399.42, 396.5, 390.3, 378.31, 366.81, 357.02, 921.53, 931.89, 935.05, 439.57, 424.74, 785.36, 768.04, 750.7, 733.58, 726.13, 728.48, 745.03, 756.07, 330.38, 321.62, 329.73, 337.38, 389.14, 747.34, 744.65, 742.41, 734.24, 729.42, 729.89, 365.56, 363.98, 361.32, 358.49, 355.13, 350.27, 342.07, 328.39, 322.89, 626.13, 861.55, 827.49, 798.91, 778.44, 755.29, 729.53, 712.8, 460.27, 443.46, 212.61, 208.23, 205.04, 207.53, 220.9, 214.52, 209.32, 207.15, 315.82, 278.07, 562.53, 589.47, 617.67, 635.86, 648.46, 655.93, 659.8, 659.65, 1637.77, 662.7, 1315.14, 1303.33, 1282.84, 1258.64, 1228.09, 1196.57, 1152.26, 799.97, 747.44, 704.23, 1108.87, 1078.21, 776.74, 735.33, 724.7, 719.67, 712.01, 1054.3, 1039.15, 1028.68, 169.99, 175.6, 180.91, 178.78, 158.79, 153.62]','2024-08-15 19:33:29.00',0),(87,54,'경기도_뉴스_12_오늘은전국적으로해가뜰꺼구요밤에는해가질겁니다','no path','오늘은 전국적으로 해가 뜰꺼구요 밤에는 해가 질겁니다',NULL,'[1486.13, 1469.14, 1514.61, 1510.42, 1511.04, 1512.21, 1515.66, 1522.82, 1523.78, 1499.82, 1201.11, 1173.63, 1205.78, 1213.84, 1211.88, 1207.36, 1209.92, 463.05, 477.65, 503.87, 534.74, 283.27, 288.26, 290.43, 298.22, 306.06, 325.82, 373.45, 399.46, 413.5, 419.86, 424.93, 421.9, 393.5, 408.82, 423.15, 426.42, 863.44, 867.39, 869.25, 870.39, 869.32, 867.17, 864.4, 421.11, 422.95, 422.74, 419.5, 410.85, 402.39, 401.89, 1059.14, 982.52, 320.77, 323.65, 322.29, 313.94, 295.5, 267.85, 259.52, 262.2, 265.23, 270.41, 277.69, 287.61, 291.55, 285.46, 326.07, 363.01, 379.17, 392.09, 399.0, 397.85, 379.08, 353.64, 441.31, 410.52, 383.51, 391.87, 384.0, 382.29, 395.99, 400.55, 398.7, 790.25, 782.23, 772.88, 765.09, 754.08, 750.96, 752.86, 361.44, 336.47, 327.38, 335.29, 362.74, 382.22, 383.27, 760.55, 754.42, 325.99, 706.22, 702.44, 679.31, 646.5, 615.17, 578.78, 1081.45, 1048.56, 1024.9, 1012.57, 1011.81, 1013.61, 1013.07, 1018.46, 1033.86, 1060.21, 562.83, 595.52, 630.82, 661.87, 768.72, 858.8, 1003.63, 1026.16, 1032.01, 1056.12, 987.7, 998.36, 1003.89, 1020.84, 1030.58, 1071.69, 1055.55, 1053.57, 960.5, 427.82, 880.74, 892.1, 895.99, 887.96, 2203.45, 2189.61, 407.06, 363.52, 358.8, 420.48, 862.92, 861.15, 850.4, 834.76, 813.04, 797.03, 788.83, 776.36, 769.52, 765.18, 770.14, 773.48, 772.5, 790.74, 778.93, 774.61, 758.51, 383.87, 396.86, 394.78, 398.89, 343.61, 346.58, 621.16, 614.33, 606.12, 592.27, 588.16, 586.22, 585.88, 2071.26, 2345.52, 2318.75, 2268.93, 256.32, 262.7, 588.92, 585.97, 1575.52, 559.16, 541.51, 524.56, 514.82, 510.77, 508.25, 497.11, 490.14, 493.12, 236.27, 229.13, 231.82, 463.88, 536.21, 566.46, 576.39, 577.52, 571.8, 570.94, 569.22, 558.89, 543.6, 529.71, 770.59, 752.44, 731.86, 711.68, 700.44, 701.2, 707.74, 723.34, 765.44, 797.95, 1146.34, 1206.21, 1229.73, 688.62, 724.43, 793.2, 821.14, 844.28, 867.3, 893.24, 933.03, 955.37, 942.82, 950.34, 821.82, 847.97, 963.81, 950.97, 3411.39, 3420.65, 3392.82, 3403.95, 3401.19, 1333.38, 1174.51, 246.17, 251.8, 252.31, 975.28, 932.83, 916.38, 908.7, 221.08, 228.18, 231.44, 232.59, 233.99, 235.29, 472.24, 466.69, 697.25, 2321.8, 2320.54, 2318.65, 2317.16, 463.24, 465.37, 464.57, 235.7, 240.3, 244.96, 251.0, 255.68, 271.3, 300.34, 649.17, 680.94, 718.71, 746.2, 775.41, 802.28, 826.22, 841.58, 847.36, 2136.96, 2154.58, 2164.04, 428.47, 424.31, 431.61, 442.55, 459.35, 476.99, 497.46, 488.8, 435.84, 435.1, 441.89, 179.89, 206.99, 3321.67, 796.35, 2151.95, 2419.1, 2474.55, 884.84, 865.63, 841.97, 824.96, 813.49, 2444.81, 2437.72, 2418.12, 367.84, 363.06, 784.4, 796.71, 792.32, 777.85, 772.8, 769.71, 764.32, 1897.72, 1881.02, 737.84, 728.25, 719.47, 715.99, 724.21, 328.04, 309.43, 300.02, 285.6, 287.07, 315.06, 320.02, 313.12, 607.96, 599.74, 592.32, 588.47, 278.09, 252.96, 251.01, 259.14, 269.84, 588.43, 1535.52, 605.87, 600.8, 590.05, 862.25, 858.27, 860.79, 865.33, 869.29, 867.68, 864.28, 279.14, 270.45, 267.36, 265.99, 263.55, 261.0, 259.83, 257.8, 253.64, 248.62, 245.57, 245.64, 243.6, 238.17, 470.43, 464.35, 456.01, 445.61, 200.07, 189.63, 188.99, 496.04, 491.53, 733.4, 737.95, 733.92, 980.31, 987.02, 990.31, 991.08, 989.12, 1711.55, 1687.78, 1146.69, 1101.05, 1053.14, 1057.47, 1070.46, 984.52, 951.26, 953.21, 969.6]','2024-08-15 19:33:29.00',0),(88,54,'경기도_뉴스_13_다만새벽에는해가덜뜬다는사실잊지마셔야겠습니다','no path','다만 새벽에는 해가 덜 뜬다는 사실 잊지 마셔야겠습니다',NULL,'[874.22, 1020.73, 1043.37, 814.98, 770.89, 992.1, 985.2, 732.86, 724.93, 237.06, 240.57, 246.37, 248.65, 253.71, 257.5, 773.18, 774.58, 777.3, 780.32, 780.23, 518.14, 515.49, 262.59, 266.18, 271.34, 267.48, 259.5, 265.8, 263.72, 351.23, 359.65, 371.11, 373.79, 359.54, 343.6, 297.21, 286.19, 301.59, 327.97, 338.14, 2013.76, 675.68, 672.59, 672.92, 672.71, 672.56, 675.66, 677.6, 675.13, 1333.78, 295.69, 302.55, 629.22, 646.05, 2309.25, 2316.74, 2316.53, 2314.81, 2317.27, 2322.57, 326.77, 303.1, 313.75, 326.44, 337.3, 356.93, 372.29, 373.52, 373.15, 760.08, 767.34, 772.46, 779.62, 791.09, 791.92, 777.61, 378.01, 382.13, 384.47, 389.77, 394.7, 397.47, 397.78, 396.8, 403.73, 409.01, 401.65, 403.0, 824.46, 1009.5, 2973.64, 2429.23, 742.55, 737.86, 716.49, 697.38, 677.86, 670.5, 677.89, 676.24, 291.41, 285.06, 295.36, 694.63, 702.18, 700.68, 1696.29, 1691.29, 1687.55, 1682.56, 1676.27, 1673.79, 657.8, 644.38, 633.44, 640.27, 665.13, 1612.72, 275.31, 316.71, 311.4, 301.74, 286.54, 281.33, 803.47, 717.7, 698.59, 688.88, 691.63, 467.0, 469.95, 472.46, 472.62, 475.79, 505.88, 266.66, 264.28, 257.27, 252.92, 252.83, 261.55, 277.07, 474.71, 411.47, 418.25, 417.87, 417.65, 419.21, 844.44, 842.82, 400.58, 399.58, 402.3, 403.02, 399.46, 394.9, 378.85, 367.42, 371.51, 796.54, 782.48, 760.96, 733.03, 720.47, 705.46, 693.79, 680.2, 677.07, 673.77, 679.01, 686.79, 682.46, 675.46, 668.03, 660.46, 654.49, 323.22, 324.65, 325.55, 326.99, 331.16, 397.9, 330.32, 778.38, 780.06, 777.14, 714.03, 681.95, 1935.6, 1918.37, 629.71, 629.27, 639.24, 339.04, 334.21, 325.86, 361.28, 351.0, 312.14, 287.38, 538.35, 517.89, 257.04, 491.9, 477.8, 467.77, 468.64, 474.6, 485.48, 500.64, 522.22, 551.77, 588.17, 625.29, 2174.25, 379.79, 410.35, 434.49, 448.81, 460.09, 460.37, 448.42, 439.79, 439.91, 229.52, 230.44, 207.59, 239.6, 240.88, 242.21, 247.14, 252.53, 254.08, 242.63, 225.17, 212.75, 258.34, 247.71, 243.8, 235.36, 228.11, 238.49, 282.87, 287.86, 587.87, 583.67, 577.39, 562.57, 543.73, 524.1, 528.04, 771.74, 764.7, 752.89, 742.71, 732.72, 737.37, 750.87, 758.45, 527.06, 544.48, 256.38, 263.08, 511.67, 369.2, 343.17, 623.63, 585.09, 560.03, 539.63, 528.28, 520.22, 517.01, 517.31, 514.06, 509.32, 502.13, 497.0, 498.04, 502.09, 491.57, 467.73, 469.75, 476.44, 475.37, 469.91, 471.48, 483.89, 512.91, 551.0, 514.66, 231.8, 258.06, 240.66, 225.75, 213.9, 212.61, 212.67, 210.02, 207.56, 204.05, 199.42, 203.79, 208.07, 206.91, 410.38, 408.0, 408.29, 409.37, 404.88, 182.98, 174.51, 172.46, 632.48, 637.55, 639.51, 835.11, 847.08, 858.31, 864.16, 863.63, 859.32, 1059.32, 1054.39, 1056.74, 1059.22, 856.93, 1069.22, 1056.88, 1056.22, 3096.9, 3088.21, 3083.89]','2024-08-15 19:33:29.00',0),(89,54,'경기도_뉴스_14_우산잊지말고챙기시길바랍니다','no path','우산 잊지말고 챙기시길바랍니다',NULL,'[280.69, 283.94, 275.75, 249.65, 254.08, 262.58, 265.65, 271.34, 282.03, 299.85, 294.44, 295.16, 311.66, 334.52, 388.07, 404.42, 403.82, 787.96, 772.67, 949.64, 928.25, 884.13, 1089.95, 1065.29, 1051.83, 1039.29, 1030.97, 1023.07, 1013.7, 1799.29, 781.35, 806.9, 842.56, 875.24, 906.72, 946.55, 1970.42, 375.31, 397.49, 417.16, 436.86, 444.2, 439.63, 421.72, 418.08, 436.35, 430.82, 426.93, 169.48, 244.84, 233.12, 275.53, 256.62, 238.17, 242.45, 257.29, 268.03, 277.89, 281.1, 274.13, 263.41, 265.07, 262.76, 261.86, 263.58, 267.95, 275.19, 271.28, 414.01, 403.86, 393.51, 393.16, 393.26, 391.4, 384.9, 373.98, 329.31, 301.65, 285.38, 275.62, 265.34, 811.79, 819.51, 798.84, 1017.63, 762.29, 768.71, 773.01, 777.58, 789.32, 534.23, 540.27, 559.36, 575.86, 584.64, 582.21, 284.76, 255.11, 247.6, 244.93, 533.48, 519.78, 519.69, 513.25, 485.83, 464.75, 434.31, 570.15, 540.13, 536.99, 625.31, 492.03, 167.91, 168.01, 165.2, 159.62, 311.52, 367.32, 370.21, 367.95, 356.88, 347.28, 332.44, 328.24, 330.03, 323.94, 304.47, 285.4, 301.05, 317.48, 321.55, 631.7, 629.31, 624.91, 309.5, 308.37, 300.55, 290.52, 307.66, 354.92, 322.06, 292.88, 272.3, 258.11, 253.94, 250.94, 252.12, 263.12, 547.94, 549.22, 546.9, 543.16, 541.45, 540.03, 536.17, 257.34, 255.8, 520.41, 789.51, 784.23, 772.13, 755.66, 743.26, 727.28, 711.42, 699.66, 740.52, 729.12, 715.93, 708.01, 702.83, 694.6, 681.61, 657.37, 211.18, 212.04, 214.89, 213.78, 212.14, 211.38, 210.56, 209.12, 205.86, 396.57, 396.3, 395.9, 393.15, 384.27, 171.49, 167.58, 183.82, 442.95, 652.03, 641.33, 873.69, 891.88, 896.24, 883.64, 867.62, 1061.08, 1044.88, 1034.21, 1041.85, 187.09, 1076.33, 1080.81, 202.87, 197.33]','2024-08-15 19:33:29.00',0),(90,54,'경기도_뉴스_15_눈이나비가올확률은전체적으로0퍼센트에서100퍼센트입니다','no path','눈 이나 비가 올 확률은 전체적으로 0퍼센트에서 100퍼센트입니다',NULL,'[2241.79, 262.07, 272.63, 261.69, 258.77, 261.91, 263.7, 262.52, 257.08, 258.24, 262.58, 266.63, 275.91, 298.3, 301.43, 301.69, 306.14, 302.9, 295.4, 289.99, 287.79, 289.09, 622.4, 627.68, 920.8, 918.28, 915.92, 912.03, 909.02, 906.81, 589.32, 590.48, 603.48, 592.66, 599.19, 265.31, 255.11, 300.79, 301.36, 297.75, 287.42, 282.59, 281.79, 277.53, 266.62, 249.95, 241.3, 231.19, 270.97, 609.0, 615.41, 620.59, 617.45, 607.41, 899.08, 896.34, 893.56, 892.59, 592.79, 591.51, 588.73, 584.11, 577.13, 576.13, 584.35, 587.56, 586.11, 587.01, 590.3, 608.18, 320.76, 329.32, 1006.83, 1014.21, 1002.55, 920.66, 892.07, 872.87, 862.14, 276.12, 271.61, 269.39, 268.14, 267.33, 264.81, 262.81, 261.74, 261.91, 263.02, 263.58, 262.68, 260.93, 523.7, 526.71, 532.15, 255.15, 252.68, 263.76, 651.69, 689.52, 715.84, 760.38, 794.15, 819.17, 839.99, 845.93, 845.21, 843.17, 842.09, 836.85, 405.4, 410.24, 416.05, 425.23, 442.32, 451.71, 461.12, 453.97, 440.23, 439.7, 951.38, 935.19, 294.79, 299.11, 906.97, 286.6, 782.62, 756.55, 246.77, 245.65, 251.37, 252.64, 251.28, 249.07, 262.54, 260.5, 256.91, 323.95, 324.79, 634.85, 596.85, 571.34, 559.49, 546.65, 535.78, 235.46, 225.93, 235.58, 515.68, 526.93, 524.91, 514.72, 502.09, 496.7, 493.76, 490.95, 486.57, 479.92, 477.63, 475.95, 479.27, 484.92, 485.54, 480.22, 472.36, 460.13, 452.82, 464.02, 456.17, 446.93, 444.83, 444.99, 442.52, 436.48, 428.07, 423.37, 425.39, 437.44, 441.77, 448.03, 456.23, 460.6, 718.79, 733.65, 750.11, 765.37, 776.02, 786.8, 275.22, 285.35, 296.92, 293.18, 288.86, 293.99, 279.3, 259.12, 279.5, 387.69, 772.4, 797.49, 796.35, 722.34, 696.37, 676.73, 661.05, 666.45, 686.34, 1781.36, 659.45, 674.33, 428.64, 404.27, 411.12, 416.27, 752.94, 723.33, 705.92, 700.66, 698.89, 346.46, 348.6, 348.38, 346.34, 344.36, 348.03, 381.17, 346.03, 458.5, 369.93, 378.0, 382.62, 383.55, 360.7, 2307.87, 2265.62, 638.73, 638.85, 638.72, 637.41, 635.91, 634.61, 637.07, 645.48, 333.8, 331.85, 319.05, 311.03, 3613.0, 433.8, 812.41, 820.05, 811.38, 772.87, 736.77, 1449.81, 1448.96, 1451.47, 1097.74, 1099.3, 1099.42, 1100.41, 1099.3, 1098.83, 1100.26, 1107.37, 754.61, 759.14, 755.09, 754.76, 727.28, 724.22, 2913.78, 2904.94, 2837.92, 2844.86, 2875.3, 1918.15, 1942.03, 285.13, 286.02, 1969.77, 1985.42, 487.4, 477.7, 473.35, 496.65, 1927.16, 1950.52, 494.89, 2161.98, 1047.41, 752.77, 698.28, 643.42, 961.98, 933.57, 603.72, 803.22, 787.92, 777.01, 780.07, 791.43, 544.82, 565.01, 283.36, 287.24, 306.67, 307.39, 292.48, 269.17, 256.42, 254.48, 250.11, 238.9, 240.16, 244.71, 247.15, 248.66, 246.99, 238.73, 215.31, 203.96, 243.63, 261.24, 284.3, 269.71, 252.97, 237.87, 223.26, 218.6, 218.93, 425.46, 211.03, 210.53, 210.85, 209.31, 208.05, 206.46, 204.62, 202.7, 200.27, 196.13, 193.59, 191.14, 188.47, 188.18, 187.06, 184.34, 174.47, 166.41, 168.64, 171.5, 624.67, 607.52, 811.44, 839.42, 851.3, 848.97, 1031.65, 1032.3, 1034.74, 1031.69, 1027.57, 1031.87, 1161.55, 1164.4, 1160.2]','2024-08-15 19:33:29.00',0),(91,55,'경기도_뉴스_16_저혼자서이차를제차로바꿔보겠습니다','no path','저 혼자서 이 차를 제 차로 바꿔보겠습니다',NULL,'[316.8, 318.15, 319.73, 319.16, 315.66, 309.81, 304.96, 301.03, 292.4, 283.44, 273.76, 246.58, 254.34, 247.18, 207.5, 285.67, 269.59, 256.43, 715.23, 703.13, 692.05, 684.23, 683.17, 682.51, 680.71, 678.33, 674.73, 672.48, 677.57, 692.81, 234.36, 239.56, 260.98, 288.79, 316.27, 330.84, 344.49, 354.07, 364.48, 370.66, 371.46, 371.77, 371.44, 370.6, 362.68, 356.25, 352.29, 350.47, 344.52, 336.71, 352.31, 358.72, 704.95, 698.52, 685.03, 675.25, 666.03, 659.49, 1636.95, 1619.66, 632.73, 615.86, 309.68, 292.38, 274.49, 257.13, 395.11, 990.86, 813.58, 743.4, 724.71, 718.85, 1415.9, 1414.85, 1417.07, 1065.52, 1064.62, 1062.06, 1054.54, 686.31, 1325.4, 1300.09, 1284.44, 1451.68, 1467.65, 450.91, 439.53, 430.03, 430.46, 444.57, 2317.12, 2338.08, 235.77, 232.14, 212.81, 208.85, 211.2, 220.88, 226.9, 204.96, 164.67, 276.16, 266.58, 261.13, 253.55, 746.57, 746.19, 747.04, 749.41, 753.32, 1773.52, 490.29, 519.49, 540.73, 556.23, 564.84, 566.58, 567.35, 565.92, 559.27, 542.52, 527.74, 506.64, 475.78, 448.6, 428.97, 416.93, 402.52, 393.32, 194.36, 499.69, 217.22, 206.62, 245.66, 266.12, 259.19, 262.02, 529.37, 518.8, 511.45, 503.87, 504.03, 506.74, 226.66, 216.33, 276.73, 192.62, 152.56, 215.7, 295.82, 280.03, 821.45, 822.32, 818.52, 797.86, 512.7, 471.02, 465.91, 451.76, 436.72, 613.66, 581.63, 553.08, 529.22, 507.3, 491.01, 476.34, 466.87, 444.37, 271.27, 259.48, 215.67, 184.08, 949.09, 953.92, 966.14, 984.27, 986.58, 745.96, 1231.9, 1212.25, 224.48, 197.58, 156.72, 187.21, 371.85, 290.42, 586.1, 585.36, 587.24, 585.13, 579.06, 276.93, 240.75, 233.86, 232.41, 228.86, 231.86, 230.01, 443.82, 428.42, 416.21, 402.18, 396.17, 392.94, 377.96, 367.81, 353.77, 353.52, 177.17, 177.0, 167.13, 161.96, 264.35, 193.57, 200.14, 157.8, 203.65, 195.45, 201.95, 193.74, 181.27, 172.41, 169.93, 169.29, 162.92, 163.49, 162.03, 159.13, 315.27, 317.57, 314.97, 306.13, 282.24, 263.59, 183.12, 640.12, 801.12, 788.97, 886.18, 865.53, 842.52, 960.61, 957.85, 942.79, 1049.44, 1084.79, 1094.6, 184.44, 187.68, 173.86, 204.55]','2024-08-15 19:33:29.00',0),(92,55,'경기도_뉴스_17_이차는이제제겁니다제마음대로팔수있는겁니다','no path','이 차는 이제 제 겁니다 제 마음대로 팔수있는겁니다',NULL,'[263.74, 259.2, 257.49, 259.97, 265.12, 274.74, 282.64, 290.36, 301.18, 308.04, 309.61, 303.34, 286.87, 280.47, 275.7, 265.4, 162.19, 204.51, 353.64, 358.72, 749.29, 752.35, 741.26, 728.78, 717.19, 695.77, 674.57, 660.08, 653.56, 330.06, 675.57, 679.5, 678.62, 674.35, 664.35, 318.34, 314.03, 308.93, 303.32, 299.81, 297.08, 291.18, 285.52, 279.89, 277.81, 276.13, 273.86, 267.89, 252.09, 233.38, 229.45, 227.48, 241.15, 382.43, 302.56, 303.56, 611.47, 612.4, 608.96, 604.8, 599.16, 592.63, 588.54, 584.85, 580.91, 575.19, 567.89, 562.46, 554.95, 541.53, 527.72, 513.62, 495.05, 477.46, 458.91, 445.58, 436.57, 425.82, 420.52, 416.6, 204.5, 306.21, 209.58, 221.79, 231.7, 234.3, 239.07, 245.49, 247.47, 246.6, 485.75, 479.59, 230.52, 219.38, 232.28, 232.36, 218.47, 157.42, 1563.21, 604.2, 615.4, 612.13, 1176.0, 1170.91, 1177.49, 881.2, 1164.2, 1155.96, 264.81, 267.13, 260.94, 256.68, 252.38, 243.12, 235.52, 230.26, 225.65, 218.07, 211.39, 209.61, 203.91, 192.13, 181.4, 170.24, 386.81, 625.16, 635.86, 822.41, 823.57, 818.82, 995.33, 984.24, 968.25, 1318.38, 1282.89, 1244.25, 1379.64, 1161.95, 1179.88, 1173.75, 1359.41, 1311.9, 236.27, 196.52, 181.28, 263.1, 156.24, 180.0, 186.57, 174.95, 211.76, 188.3, 164.96, 170.61, 154.9, 231.8, 259.17, 514.39, 508.7, 501.32, 497.45, 496.82, 500.23, 509.63, 514.76, 517.66, 517.13, 513.64, 503.32, 234.72, 232.56, 232.57, 229.54, 233.15, 859.47, 860.43, 950.67, 964.23, 983.22, 970.83, 935.79, 1307.81, 1326.43, 1357.16, 1385.5, 1226.15, 1247.24, 843.02, 856.3, 867.52, 1319.1, 217.88, 221.56, 220.12, 221.72, 216.72, 217.49, 215.23, 206.1, 440.12, 454.29, 459.39, 462.53, 467.35, 477.88, 494.87, 513.44, 523.83, 537.38, 561.31, 568.6, 574.83, 580.79, 577.06, 251.5, 263.98, 466.22, 160.18, 199.75, 3956.42, 2281.42, 3978.52, 233.1, 215.03, 2509.59, 2517.56, 2212.51, 2573.51, 328.65, 338.49, 1047.0, 701.62, 697.4, 692.23, 686.65, 685.84, 695.1, 700.83, 698.06, 685.8, 317.57, 303.06, 285.66, 280.33, 242.29, 235.3, 207.34, 162.24, 181.99, 205.4, 186.93, 336.34, 333.75, 332.7, 332.19, 332.5, 330.71, 326.45, 320.29, 308.43, 291.35, 277.17, 261.15, 250.23, 239.74, 236.45, 235.1, 235.16, 234.57, 233.08, 234.63, 237.21, 238.43, 240.15, 242.81, 243.77, 250.47, 252.03, 253.25, 258.13, 261.22, 259.55, 256.43, 252.26, 247.99, 243.53, 239.41, 234.71, 229.98, 217.14, 652.43, 846.99, 832.1, 809.73, 790.68, 770.72, 352.81, 357.22, 354.17, 353.36, 348.77, 342.34, 168.87, 162.67, 161.93, 166.51, 319.28, 154.98, 314.71, 314.56, 310.47, 292.58, 271.17, 623.86, 642.03, 666.54, 786.85, 782.74, 891.97, 876.11, 855.28, 956.65, 928.96, 1031.51, 1211.68]','2024-08-15 19:33:29.00',0),(93,55,'경기도_뉴스_18_한시간도채되지않아자동차등록증이제이름으로발급됐습니다','no path','한 시간도 채 되지않아 자동차등록증이 제 이름으로 발급됐습니다',NULL,'[726.65, 729.11, 733.08, 732.94, 730.37, 728.02, 727.43, 367.31, 369.4, 370.32, 367.33, 360.25, 353.56, 345.53, 3326.3, 3696.32, 3711.7, 3878.79, 3227.57, 3938.47, 381.43, 375.77, 371.67, 2226.82, 2422.57, 2448.62, 2439.8, 733.97, 728.28, 718.09, 703.73, 694.88, 685.56, 333.77, 330.4, 329.78, 325.41, 313.28, 302.92, 289.85, 300.54, 337.51, 1303.51, 1294.1, 322.88, 317.95, 310.92, 1245.4, 1245.88, 1237.56, 280.71, 257.45, 258.48, 257.16, 164.15, 3995.82, 2233.29, 309.43, 314.31, 321.98, 327.26, 656.52, 648.88, 634.11, 2176.67, 2146.66, 2109.57, 2100.27, 246.96, 233.91, 229.3, 253.35, 264.97, 267.97, 263.41, 262.9, 263.0, 262.07, 258.15, 255.47, 253.45, 241.63, 220.29, 205.0, 202.3, 203.45, 182.88, 181.08, 215.39, 227.81, 482.04, 489.65, 488.92, 693.31, 683.36, 841.16, 806.06, 1535.19, 1704.79, 1696.66, 1706.65, 756.87, 189.39, 187.45, 193.56, 194.97, 193.35, 193.79, 753.92, 746.42, 728.46, 1521.93, 1479.83, 1490.45, 1413.5, 1400.49, 1425.58, 1416.89, 1470.36, 1508.06, 1511.67, 255.64, 169.66, 172.46, 168.59, 187.75, 212.05, 240.6, 3058.17, 3090.14, 3063.6, 3066.03, 1830.89, 728.05, 752.01, 742.15, 737.19, 737.19, 489.61, 232.04, 231.74, 236.15, 275.74, 578.18, 588.76, 593.37, 283.78, 284.33, 287.22, 288.16, 286.4, 278.46, 262.34, 254.76, 257.62, 743.07, 624.33, 597.15, 583.12, 824.7, 805.88, 787.88, 770.79, 752.54, 743.61, 487.47, 489.16, 221.13, 207.11, 262.19, 270.67, 271.29, 264.7, 260.85, 259.43, 259.17, 257.78, 256.91, 258.15, 258.69, 259.56, 260.32, 263.34, 274.42, 277.27, 276.83, 271.61, 255.99, 240.75, 233.51, 226.59, 222.19, 208.93, 246.85, 191.6, 259.12, 254.65, 254.58, 255.08, 254.1, 255.95, 258.54, 262.79, 270.62, 278.62, 283.41, 286.76, 289.86, 292.25, 291.01, 287.96, 285.29, 283.48, 281.36, 279.42, 270.67, 254.59, 235.73, 222.33, 217.09, 2069.23, 2074.08, 227.05, 233.22, 241.83, 496.69, 498.53, 509.99, 260.38, 265.71, 273.55, 279.47, 284.73, 289.61, 294.57, 298.84, 301.45, 303.26, 302.86, 297.52, 252.48, 259.35, 285.41, 295.64, 295.73, 291.28, 287.1, 282.82, 271.83, 262.78, 260.16, 256.99, 254.01, 250.88, 248.53, 243.53, 239.39, 470.0, 473.42, 469.92, 472.54, 496.79, 507.2, 512.87, 515.43, 515.2, 511.55, 500.77, 489.6, 470.56, 447.26, 428.81, 408.68, 393.35, 380.61, 183.29, 179.01, 213.6, 2439.77, 2535.75, 2526.72, 2584.6, 2730.47, 2733.18, 2011.54, 2035.66, 649.72, 650.32, 653.59, 439.31, 427.33, 421.39, 206.72, 197.06, 192.39, 189.06, 205.11, 225.86, 454.92, 449.43, 437.51, 416.24, 191.16, 184.71, 188.7, 238.62, 178.72, 180.52, 199.03, 182.01, 164.65, 156.93, 450.97, 429.78, 181.18, 164.6, 210.03, 164.14, 160.04, 157.71, 301.15, 298.87, 292.85, 287.73, 292.68, 286.87, 285.68, 281.42, 269.17, 257.04, 277.38, 713.49, 838.19, 837.19, 828.0, 807.94]','2024-08-15 19:33:29.00',0),(94,55,'경기도_뉴스_19_동료의인감증명서와함께제출했습니다','no path','동료의 인감증명서와 함께 제출했습니다',NULL,'[165.01, 232.81, 242.87, 245.48, 249.28, 252.62, 255.54, 259.91, 261.64, 261.32, 261.76, 262.55, 261.75, 262.02, 264.55, 266.91, 269.73, 270.68, 270.37, 541.86, 543.39, 548.37, 557.37, 562.36, 563.86, 566.38, 2006.49, 2012.32, 2582.35, 569.29, 564.78, 2248.38, 2231.69, 541.52, 525.68, 507.93, 494.48, 489.41, 488.69, 491.6, 251.51, 253.83, 255.71, 258.43, 258.42, 260.5, 266.94, 273.33, 276.84, 279.37, 281.29, 283.22, 285.05, 284.8, 277.5, 258.15, 260.14, 656.21, 654.33, 645.38, 635.15, 633.7, 633.79, 632.41, 628.32, 297.88, 300.1, 302.08, 301.44, 300.78, 298.52, 295.4, 287.75, 278.13, 264.01, 264.19, 286.3, 303.76, 304.36, 301.74, 297.63, 292.76, 292.23, 293.42, 292.82, 292.21, 291.52, 290.56, 291.46, 298.03, 1785.67, 596.07, 594.73, 591.61, 588.84, 290.33, 290.15, 290.57, 286.47, 279.55, 264.37, 251.06, 236.65, 237.2, 192.38, 187.97, 286.37, 277.26, 552.37, 547.03, 546.32, 547.72, 550.32, 554.37, 559.61, 559.99, 821.39, 824.88, 824.36, 813.76, 1061.66, 1048.49, 1244.11, 1250.14, 1700.78, 264.07, 272.1, 269.8, 255.21, 251.74, 249.91, 244.56, 239.6, 239.74, 239.38, 237.9, 233.52, 223.69, 228.93, 235.21, 3152.17, 3081.38, 3077.8, 3061.31, 2230.48, 2224.21, 2756.35, 2458.43, 2437.71, 535.29, 522.99, 510.21, 493.32, 477.68, 464.27, 447.8, 439.17, 428.43, 421.13, 410.12, 398.13, 189.91, 178.34, 184.02, 2899.83, 2915.79, 266.28, 266.08, 263.56, 261.85, 258.86, 250.94, 229.54, 215.53, 225.38, 197.71, 3452.94, 3451.18, 3396.51, 3396.99, 1646.96, 208.4, 218.89, 217.16, 417.37, 406.52, 393.69, 373.28, 359.1, 348.57, 169.22, 156.64, 447.21, 157.26, 207.17, 176.45, 166.93, 162.35, 158.27, 302.22, 298.48, 201.91, 294.35, 211.64, 294.45, 287.44, 277.41, 259.22, 210.72, 654.56, 635.1, 746.42, 872.39, 866.25, 841.24, 947.63, 941.58, 1433.92, 1412.91, 1359.38, 1338.15, 1313.76, 1317.99, 1354.99, 225.76]','2024-08-15 19:33:29.00',0),(95,55,'경기도_뉴스_20_먼저도장가게에서차주인인동료기자이름으로막도장을새겼습니다','no path','먼저 도장가게에서 차 주인인 동료기자이름으로 막도장을 새겼습니다',NULL,'[173.17, 180.61, 227.05, 248.02, 242.2, 254.14, 247.31, 244.21, 252.65, 262.98, 539.73, 544.49, 551.01, 555.8, 556.54, 277.22, 271.68, 272.28, 270.0, 265.43, 258.71, 247.29, 239.12, 250.1, 288.9, 1526.5, 1533.61, 624.15, 619.61, 613.47, 608.04, 1195.79, 1189.69, 1180.31, 1172.6, 1162.64, 1149.82, 541.48, 516.91, 492.93, 483.52, 491.76, 225.89, 230.15, 3170.65, 3207.89, 269.77, 252.99, 250.4, 251.34, 255.09, 259.41, 265.05, 270.32, 259.8, 242.78, 236.98, 235.65, 258.54, 322.26, 1605.78, 1594.81, 1574.09, 1561.24, 1558.63, 1561.34, 1560.92, 1559.04, 305.85, 302.42, 302.52, 301.07, 294.36, 283.38, 267.82, 260.51, 1809.23, 1780.99, 621.67, 602.47, 585.4, 863.01, 852.69, 845.48, 840.97, 554.26, 543.07, 538.85, 545.25, 256.15, 252.41, 245.66, 240.02, 237.81, 241.71, 2391.27, 2404.93, 2394.39, 2381.71, 2363.36, 519.15, 515.8, 512.47, 510.05, 509.0, 509.35, 510.46, 510.68, 507.24, 495.78, 229.88, 213.24, 566.82, 658.63, 620.63, 606.33, 593.7, 882.32, 876.99, 870.05, 864.3, 854.03, 844.37, 836.42, 823.45, 811.18, 794.38, 769.98, 736.25, 709.36, 656.58, 631.16, 611.64, 600.49, 596.34, 407.23, 590.64, 258.84, 234.58, 3118.91, 3112.96, 3210.82, 3989.0, 1783.84, 1858.28, 1864.3, 729.68, 746.77, 736.75, 725.93, 719.92, 709.39, 701.67, 686.01, 675.36, 1725.43, 1732.7, 273.55, 269.36, 3893.96, 3866.88, 305.89, 301.91, 300.42, 300.86, 301.5, 303.26, 304.83, 2440.37, 2441.15, 2438.68, 2432.06, 301.35, 298.42, 292.9, 286.91, 287.87, 292.61, 298.45, 305.33, 313.15, 321.2, 325.49, 327.12, 325.69, 317.02, 311.38, 309.73, 305.16, 299.74, 288.24, 277.55, 258.73, 243.31, 235.84, 284.29, 228.59, 163.31, 234.12, 241.74, 253.05, 256.12, 258.53, 262.76, 266.65, 267.91, 269.94, 274.81, 278.65, 283.02, 288.43, 292.23, 297.27, 300.61, 302.45, 304.07, 307.67, 315.78, 319.18, 319.56, 319.99, 319.25, 315.29, 315.54, 312.45, 301.2, 276.51, 258.19, 270.55, 166.13, 229.39, 3313.08, 3306.59, 3420.3, 3433.2, 3421.09, 3330.55, 269.96, 267.34, 261.33, 248.64, 233.29, 228.41, 225.35, 158.19, 321.97, 1860.86, 1862.07, 1849.07, 630.97, 613.69, 1786.51, 1773.33, 860.45, 1985.81, 532.91, 509.89, 497.29, 503.0, 2317.97, 2298.75, 2276.32, 2254.25, 2242.2, 242.3, 217.69, 216.57, 217.05, 235.9, 249.56, 254.75, 514.68, 512.95, 253.13, 248.13, 241.7, 239.17, 237.14, 238.4, 237.69, 237.8, 238.75, 239.77, 236.96, 217.56, 232.58, 513.56, 527.6, 537.44, 543.06, 548.9, 555.71, 559.53, 562.29, 564.13, 563.14, 558.17, 546.35, 535.44, 516.29, 497.8, 488.54, 204.55, 189.06, 191.73, 197.2, 199.89, 779.83, 776.83, 920.2, 916.65, 1303.52, 1323.66, 796.9, 197.6, 190.45, 189.11, 255.53, 180.39, 180.25, 282.99, 297.63, 299.07, 301.47, 300.62, 299.41, 300.25, 287.79, 261.69, 252.29, 249.53, 1671.01, 576.34, 580.49, 574.9, 554.51, 779.04, 759.9, 726.28, 704.07, 218.13, 214.07, 209.85, 205.19, 201.25, 190.26, 184.45, 1864.5, 1847.37, 181.97, 181.23, 178.22, 178.76, 175.82, 173.35, 157.35, 209.66, 206.81, 214.66, 223.8, 232.98, 233.17, 221.72, 200.99, 2626.8, 480.49, 469.07, 452.82, 435.51, 418.77, 400.52, 193.37, 181.54, 226.16, 160.75, 190.69, 180.84, 178.39, 175.08, 169.67, 168.72, 167.28, 164.15, 163.36, 163.89, 162.76, 157.2, 298.07, 698.23, 561.13, 711.21, 708.69, 702.24, 854.64, 841.74, 1432.91, 1406.17, 1383.54, 1348.96, 1303.1, 1395.26, 1175.65, 1399.46, 1401.61, 1397.52, 1395.52, 1395.33, 912.72]','2024-08-15 19:33:29.00',0),(96,56,'경기도_뉴스_21_게임이한참진행중인컴퓨터의전원을순간적으로모두꺼봤습니다','no path','게임이 한참 진행중인 컴퓨터의 전원을 순간적으로 모두 꺼봤습니다',NULL,'[2756.75, 212.02, 429.79, 442.3, 445.0, 448.47, 454.34, 2074.82, 2081.77, 2080.29, 2074.83, 228.17, 225.42, 223.93, 224.12, 224.33, 224.41, 223.21, 218.33, 214.29, 215.28, 215.98, 217.64, 222.05, 230.19, 237.16, 241.24, 242.39, 241.48, 239.54, 469.36, 463.59, 455.32, 422.37, 200.11, 192.7, 1503.54, 1608.56, 1624.76, 1668.87, 1669.84, 1690.98, 1694.57, 1713.74, 718.64, 711.9, 705.87, 230.85, 231.42, 229.35, 225.88, 218.31, 211.37, 203.7, 204.24, 3978.46, 3843.95, 3849.63, 3968.16, 263.28, 254.67, 509.51, 744.72, 735.69, 1452.94, 235.99, 233.03, 230.32, 226.31, 219.05, 213.02, 206.47, 192.73, 170.97, 207.14, 3876.26, 3959.52, 3826.08, 3845.64, 3880.26, 3830.93, 188.5, 178.44, 172.6, 175.06, 177.53, 183.61, 185.44, 375.63, 374.23, 186.74, 185.77, 185.55, 186.19, 185.58, 184.07, 179.14, 169.48, 161.51, 156.73, 161.88, 166.17, 340.75, 347.78, 351.93, 179.92, 179.39, 184.27, 189.97, 197.98, 207.07, 211.31, 211.36, 207.99, 199.06, 186.1, 166.53, 155.08, 269.65, 240.63, 211.85, 190.1, 167.97, 188.89, 232.28, 216.86, 224.8, 191.36, 165.15, 705.49, 697.3, 675.87, 691.62, 679.32, 865.3, 863.44, 888.21, 810.16, 649.37, 773.37, 774.14, 758.5, 747.78, 501.85, 497.01, 1003.59, 237.14, 238.9, 237.11, 235.36, 232.4, 225.99, 213.59, 203.44, 2305.95, 2302.15, 2304.67, 2291.36, 2373.49, 2296.24, 276.07, 266.73, 261.89, 260.78, 258.67, 254.71, 249.56, 219.65, 200.55, 196.2, 189.25, 183.52, 3076.08, 3070.56, 3079.14, 437.18, 235.18, 472.0, 467.73, 465.54, 462.02, 452.4, 446.52, 446.02, 448.33, 450.77, 452.58, 452.47, 453.4, 458.85, 462.66, 462.17, 459.13, 474.02, 1753.04, 1736.42, 3883.11, 3900.52, 3982.03, 3971.18, 3839.26, 3828.63, 3708.97, 3697.54, 298.86, 314.21, 454.53, 459.59, 302.56, 300.86, 299.32, 292.09, 282.83, 302.67, 304.29, 152.46, 154.7, 154.2, 303.85, 296.04, 287.71, 283.36, 280.4, 281.82, 154.27, 161.24, 337.71, 346.38, 346.58, 340.66, 329.89, 310.65, 1609.25, 1595.9, 231.64, 205.88, 170.88, 161.05, 214.21, 1762.2, 182.56, 231.59, 234.99, 210.56, 3955.95, 3969.01, 3943.14, 3938.77, 3763.97, 3912.49, 3926.01, 3863.17, 3914.63, 3967.86, 3929.37, 3943.46, 3947.55, 3975.13, 3917.9, 230.84, 231.14, 237.52, 242.36, 243.58, 242.55, 240.81, 238.47, 236.02, 233.68, 232.01, 230.75, 229.24, 225.37, 215.4, 208.48, 469.6, 483.72, 478.31, 465.11, 680.76, 673.88, 663.84, 1528.42, 208.12, 203.85, 196.96, 191.8, 187.05, 177.47, 164.83, 374.0, 376.25, 374.52, 364.45, 345.0, 324.83, 306.42, 290.76, 302.66, 306.29, 320.26, 340.24, 355.9, 374.41, 406.18, 423.6, 423.73, 413.49, 395.37, 370.99, 347.91, 325.07, 274.95, 257.18, 242.89, 230.72, 230.58, 233.79, 240.49, 251.91, 278.93, 286.83, 295.77, 307.42, 322.28, 337.5, 354.04, 370.13, 380.5, 393.96, 202.54, 197.95, 182.22, 182.57, 180.63, 213.45, 232.14, 235.43, 234.45, 231.55, 224.04, 212.47, 189.49, 172.01, 170.22, 233.65, 218.89, 768.66, 818.37, 846.34, 857.58, 853.32, 848.19, 850.5, 843.06, 848.95, 862.49, 450.24, 468.48, 480.19, 487.98, 491.49, 492.73, 491.48, 485.92, 473.29, 466.92, 467.99, 469.0, 735.44, 732.47, 982.06, 991.87, 724.78, 721.16, 715.33, 1188.32, 676.19, 668.77, 668.49, 1312.73, 189.23, 183.21, 176.91, 168.29, 160.66, 301.6, 285.61, 276.76, 265.26, 252.01, 231.62, 205.9, 185.58, 159.29, 545.46, 562.96, 584.41, 589.88, 183.99, 1248.91, 1244.25, 1257.74, 879.77]','2024-08-15 19:33:29.00',0),(97,56,'경기도_뉴스_22_곳곳에서욕설과함께격한반응이터져나옵니다','no path','곳곳에서 욕설과 함께 격한 반응이 터져나옵니다',NULL,'[888.72, 778.83, 815.02, 827.63, 814.15, 822.44, 208.28, 194.57, 193.86, 193.63, 194.08, 191.77, 175.79, 166.58, 258.15, 155.05, 162.72, 175.09, 168.95, 158.0, 165.44, 873.55, 780.31, 776.88, 517.53, 250.33, 235.73, 231.03, 229.77, 225.77, 218.7, 214.98, 210.07, 197.32, 171.62, 3900.75, 3933.03, 199.68, 206.92, 426.29, 423.26, 416.85, 405.31, 397.4, 382.11, 360.91, 163.23, 155.9, 220.26, 467.43, 469.25, 466.03, 449.95, 652.62, 633.32, 600.31, 564.51, 547.19, 559.73, 499.17, 501.99, 520.68, 501.15, 484.69, 506.68, 517.86, 518.56, 3169.4, 3914.29, 3917.46, 1929.12, 1898.34, 1898.18, 1899.33, 2982.2, 2982.17, 3133.5, 3136.56, 2392.64, 2509.51, 2531.08, 2166.92, 157.89, 168.85, 181.77, 188.98, 394.36, 202.12, 204.59, 196.03, 181.23, 167.58, 525.8, 1038.55, 1037.9, 1026.79, 1197.01, 3867.02, 3937.52, 3927.41, 3970.49, 3966.9, 3992.04, 3909.2, 300.18, 275.62, 530.25, 523.48, 516.44, 505.34, 492.55, 486.4, 485.17, 486.06, 478.49, 235.53, 232.88, 229.22, 215.17, 191.52, 186.86, 181.8, 190.59, 431.08, 449.17, 465.24, 468.89, 468.6, 458.41, 668.09, 662.91, 659.89, 1099.31, 1091.26, 636.13, 1051.61, 1023.13, 209.21, 658.0, 667.72, 665.96, 657.74, 204.37, 207.36, 207.09, 207.13, 205.79, 200.92, 192.53, 182.79, 170.27, 171.6, 2837.69, 3121.68, 2910.12, 2866.46, 252.63, 1940.01, 484.97, 477.61, 470.62, 462.03, 444.94, 419.13, 2049.51, 2057.24, 324.89, 310.36, 1130.99, 1128.32, 1131.07, 1128.12, 1131.31, 1140.01, 1145.42, 1145.06, 1139.92, 1135.92, 1137.32, 171.52, 518.0, 512.4, 497.56, 474.76, 773.13, 774.2, 1033.18, 1133.25, 1303.54, 1301.17, 1296.55, 1295.12, 1304.89, 1317.59, 1400.02, 1410.19, 240.83, 733.25, 737.23, 1488.37, 1480.39, 234.05, 234.49, 232.03, 230.09, 227.96, 224.5, 219.51, 214.71, 209.58, 197.06, 191.45, 459.32, 449.9, 664.14, 656.63, 648.6, 420.6, 1477.53, 188.68, 188.73, 189.11, 189.6, 192.03, 191.57, 193.54, 195.23, 195.75, 198.77, 202.07, 202.17, 201.31, 196.4, 191.35, 3206.37, 334.56, 320.45, 307.97, 260.08, 240.05, 773.47, 779.27, 778.32, 775.09, 778.18, 775.17, 3970.59, 3961.17, 157.53, 202.4, 249.88, 501.16, 250.36, 259.22, 259.19, 511.4, 509.02, 215.03, 211.36, 216.95, 531.41, 3987.38, 3861.52, 520.78, 512.53, 502.29, 494.58, 476.0, 457.39, 3872.74, 208.79, 1218.19, 1226.45, 613.32, 592.74, 572.25, 695.08, 992.73, 956.3, 926.19, 890.29, 269.1, 267.77, 261.66, 257.52, 255.27, 247.8, 239.82, 242.66, 239.01, 229.27, 207.85, 197.51, 501.97, 509.35, 551.91, 586.61, 602.14, 675.14, 668.7, 183.0, 735.28, 162.13, 195.56, 254.21, 254.45]','2024-08-15 19:33:29.00',0),(98,56,'경기도_뉴스_23_폭력게임의주인공처럼난폭하게변해버린겁니다','no path','폭력게임의 주인공처럼 난폭하게 변해버린겁니다',NULL,'[201.65, 242.67, 264.93, 262.85, 263.97, 262.83, 260.17, 258.92, 257.03, 254.64, 253.0, 251.52, 249.99, 250.39, 250.77, 254.79, 261.18, 263.13, 523.35, 518.59, 512.43, 499.63, 477.5, 941.43, 1008.36, 983.62, 989.38, 1007.87, 423.86, 2769.04, 2829.82, 276.21, 2039.48, 2007.79, 1968.86, 479.38, 472.09, 469.91, 467.05, 460.95, 453.4, 224.23, 222.35, 217.55, 212.78, 214.39, 215.27, 217.28, 224.74, 233.49, 472.37, 472.51, 467.89, 459.37, 447.2, 199.75, 497.06, 418.21, 416.63, 3925.47, 3919.83, 3917.22, 3908.37, 3906.36, 2444.48, 201.53, 204.2, 206.7, 208.83, 209.38, 210.16, 211.88, 213.73, 214.81, 214.2, 212.12, 209.5, 209.85, 209.88, 210.75, 210.04, 209.28, 208.19, 205.92, 204.21, 201.75, 194.45, 187.4, 186.72, 397.96, 417.56, 423.87, 421.32, 415.91, 406.74, 199.9, 195.05, 192.39, 188.65, 182.53, 172.12, 168.03, 1429.05, 1433.0, 3927.23, 3938.2, 3850.44, 203.52, 411.66, 400.54, 395.76, 391.57, 385.27, 372.17, 415.59, 423.47, 426.46, 635.41, 624.33, 600.65, 586.17, 178.94, 165.32, 299.0, 263.77, 232.82, 208.59, 204.55, 1492.96, 1543.64, 1556.69, 1553.35, 1548.85, 1547.57, 1548.75, 1548.49, 1546.7, 1547.47, 1566.6, 1571.17, 1560.52, 1549.44, 1545.6, 1544.07, 492.17, 1473.0, 626.14, 752.36, 757.3, 768.77, 668.14, 680.73, 1426.26, 160.55, 164.6, 166.73, 166.05, 160.89, 277.95, 161.33, 210.3, 167.36, 187.56, 240.69, 244.04, 240.0, 725.74, 717.76, 697.63, 676.73, 679.26, 719.2, 770.9, 1213.92, 1071.39, 1093.06, 1115.86, 1196.36, 435.99, 611.2, 589.71, 567.24, 546.73, 535.85, 343.3, 341.03, 344.04, 2119.17, 2131.07, 2140.64, 445.35, 449.42, 449.12, 441.97, 429.13, 418.52, 2084.76, 3557.01, 336.16, 502.53, 1847.68, 1843.71, 1789.14, 1697.89, 156.59, 160.35, 157.07, 471.82, 474.73, 478.92, 480.29, 326.25, 327.96, 171.99, 182.71, 186.36, 192.2, 198.24, 405.66, 406.93, 405.73, 402.54, 398.1, 384.32, 179.41, 178.14, 375.01, 378.79, 383.88, 386.62, 382.25, 376.1, 368.94, 336.06, 330.22, 326.03, 328.04, 327.18, 314.18, 300.69, 290.91, 289.18, 282.88, 276.83, 260.92, 253.97, 517.17, 535.13, 519.21, 499.44, 482.73, 468.34, 210.22, 213.93, 217.09, 217.74, 214.7, 213.43, 214.45, 212.13, 188.4, 409.72, 613.37, 547.85, 580.23, 593.77, 590.35, 661.03, 665.17, 502.21, 480.77, 646.22, 717.03, 1170.55]','2024-08-15 19:33:29.00',0),(99,56,'경기도_뉴스_24_심리테스트를해봤습니다','no path','심리 테스트를 해봤습니다',NULL,'[3801.81, 3945.91, 3949.28, 3839.44, 3907.2, 3903.95, 3915.28, 3918.78, 252.17, 244.9, 240.95, 234.46, 230.6, 230.35, 229.76, 229.6, 228.73, 227.57, 226.6, 225.52, 224.88, 225.22, 230.15, 234.8, 235.44, 234.62, 233.86, 233.09, 231.64, 226.51, 210.4, 183.47, 175.44, 201.64, 225.32, 227.33, 1961.07, 1953.77, 2644.32, 210.85, 213.43, 217.12, 447.53, 447.31, 443.53, 435.6, 426.22, 418.24, 199.2, 181.43, 166.4, 3928.52, 3981.02, 3984.64, 1902.73, 1887.59, 1688.69, 180.77, 216.17, 214.81, 211.7, 188.77, 186.14, 189.85, 201.35, 427.84, 442.04, 444.35, 442.89, 439.05, 430.72, 422.26, 400.51, 190.37, 185.9, 175.51, 169.9, 175.7, 188.45, 203.73, 213.74, 218.54, 445.49, 443.31, 439.68, 191.9, 187.07, 188.57, 432.77, 637.97, 633.43, 616.86, 597.85, 580.85, 568.69, 180.74, 167.79, 187.12, 172.86, 166.91, 161.36, 153.26, 293.32, 284.17, 279.46, 263.76, 256.84, 237.99, 207.83, 470.06, 514.23, 561.78, 609.44, 660.08, 669.74, 660.06, 968.99, 924.62, 919.98, 951.52, 934.89, 929.42, 961.07, 992.68]','2024-08-15 19:33:29.00',0),(100,56,'경기도_뉴스_25_공격성이두드러졌습니다','no path','공격성이 두드러졌습니다',NULL,'[712.11, 184.16, 183.06, 183.24, 186.43, 188.62, 190.81, 193.62, 195.86, 198.21, 199.3, 199.62, 198.97, 197.58, 196.28, 194.19, 190.0, 181.64, 174.36, 177.85, 189.11, 205.47, 421.56, 418.86, 411.98, 401.64, 382.14, 333.62, 409.17, 955.7, 943.98, 1638.14, 1649.16, 3794.58, 3800.62, 3800.23, 3913.99, 3889.63, 3910.27, 3843.84, 3850.15, 3849.63, 412.36, 405.59, 393.19, 366.87, 348.24, 338.16, 333.41, 170.22, 177.19, 181.28, 184.19, 187.26, 191.86, 199.49, 206.05, 207.74, 204.97, 195.07, 186.31, 343.83, 316.65, 289.54, 260.78, 234.19, 211.79, 188.03, 169.09, 3322.26, 2077.02, 2091.61, 229.74, 227.81, 1428.24, 2027.31, 1714.01, 2011.23, 1520.7, 1512.73, 1505.24, 182.0, 179.41, 176.47, 179.49, 184.34, 179.12, 170.3, 173.2, 170.56, 169.27, 183.23, 203.18, 212.19, 430.13, 433.41, 432.79, 401.32, 403.2, 424.28, 430.65, 429.55, 423.86, 414.06, 399.54, 386.73, 374.09, 332.95, 159.49, 3746.17, 334.58, 332.88, 489.53, 478.79, 467.85, 457.22, 464.25, 3875.15, 3940.86, 3938.01, 3933.43, 3946.82, 3994.61, 3805.82, 152.74, 268.98, 267.06, 259.55, 252.93, 242.44, 235.93, 233.86, 233.0, 218.64, 201.46, 187.05, 449.63, 479.4, 518.22, 534.94, 614.77, 1438.39, 794.87, 850.85, 897.44, 1272.01, 942.53, 913.62, 883.54]','2024-08-15 19:33:29.00',0);
/*!40000 ALTER TABLE `lesson` ENABLE KEYS */;
UNLOCK TABLES;

--
-- Table structure for table `lesson_category`
--

DROP TABLE IF EXISTS `lesson_category`;
/*!40101 SET @saved_cs_client     = @@character_set_client */;
/*!50503 SET character_set_client = utf8mb4 */;
CREATE TABLE `lesson_category` (
  `lesson_category_id` tinyint NOT NULL AUTO_INCREMENT,
  `name` varchar(20) COLLATE utf8mb4_general_ci NOT NULL,
  PRIMARY KEY (`lesson_category_id`)
) ENGINE=InnoDB AUTO_INCREMENT=5 DEFAULT CHARSET=utf8mb4 COLLATE=utf8mb4_general_ci;
/*!40101 SET character_set_client = @saved_cs_client */;

--
-- Dumping data for table `lesson_category`
--

LOCK TABLES `lesson_category` WRITE;
/*!40000 ALTER TABLE `lesson_category` DISABLE KEYS */;
INSERT INTO `lesson_category` VALUES (1,'일상'),(2,'드라마 대사'),(3,'영화 대사'),(4,'밈');
/*!40000 ALTER TABLE `lesson_category` ENABLE KEYS */;
UNLOCK TABLES;

--
-- Table structure for table `lesson_claim`
--

DROP TABLE IF EXISTS `lesson_claim`;
/*!40101 SET @saved_cs_client     = @@character_set_client */;
/*!50503 SET character_set_client = utf8mb4 */;
CREATE TABLE `lesson_claim` (
  `lesson_claim_id` int NOT NULL AUTO_INCREMENT,
  `lesson_id` int NOT NULL,
  `user_id` int NOT NULL,
  `content` varchar(500) COLLATE utf8mb4_general_ci DEFAULT NULL,
  `claim_dt` datetime(2) DEFAULT NULL,
  PRIMARY KEY (`lesson_claim_id`),
  KEY `fk_lesson_claim_lesson_id` (`lesson_id`),
  KEY `fk_lesson_claim_user_id` (`user_id`),
  CONSTRAINT `fk_lesson_claim_lesson_id` FOREIGN KEY (`lesson_id`) REFERENCES `lesson` (`lesson_id`) ON DELETE CASCADE ON UPDATE CASCADE,
  CONSTRAINT `fk_lesson_claim_user_id` FOREIGN KEY (`user_id`) REFERENCES `user` (`user_id`) ON DELETE CASCADE ON UPDATE CASCADE
) ENGINE=InnoDB AUTO_INCREMENT=18 DEFAULT CHARSET=utf8mb4 COLLATE=utf8mb4_general_ci;
/*!40101 SET character_set_client = @saved_cs_client */;

--
-- Dumping data for table `lesson_claim`
--

LOCK TABLES `lesson_claim` WRITE;
/*!40000 ALTER TABLE `lesson_claim` DISABLE KEYS */;
INSERT INTO `lesson_claim` VALUES (1,13,5,'문제가 너무 길어요','2024-08-10 19:33:29.00'),(2,13,7,'문제가 너무 무서워요','2024-08-11 19:33:29.00'),(3,13,9,'so hard','2024-08-08 19:33:29.00'),(4,13,2,'개어렵네요','2024-08-12 19:33:29.00'),(5,13,14,'문제 좀 바꿔라 에휴','2024-08-14 19:33:29.00'),(6,20,4,'너무 짧아서 음성인식이 안돼요','2024-08-14 19:33:29.00'),(7,20,6,'뭐라하는지 모르겠습니다','2024-08-13 19:33:29.00'),(8,20,8,'뭘 모르는데','2024-08-12 19:33:29.00'),(9,28,3,'사람이 왜 두명입니까','2024-08-08 19:33:29.00'),(10,28,15,'저는 조용히 하고싶은데요','2024-08-04 19:33:29.00'),(11,28,6,'별로','2024-08-10 19:33:29.00'),(12,49,3,'너무 길다고요','2024-08-13 19:33:29.00'),(13,49,2,'문제 차이가 너무 심한데','2024-08-10 19:33:29.00'),(14,69,3,'녹음하신분 목소리가 킹받아요','2024-08-09 19:33:29.00'),(15,69,16,'아 열받네요','2024-08-14 19:33:29.00'),(16,69,13,'킹받네','2024-08-14 19:33:29.00'),(17,73,21,'발음이 너무 안좋은데요','2024-08-14 19:33:29.00');
/*!40000 ALTER TABLE `lesson_claim` ENABLE KEYS */;
UNLOCK TABLES;

--
-- Table structure for table `lesson_group`
--

DROP TABLE IF EXISTS `lesson_group`;
/*!40101 SET @saved_cs_client     = @@character_set_client */;
/*!50503 SET character_set_client = utf8mb4 */;
CREATE TABLE `lesson_group` (
  `lesson_group_id` int NOT NULL AUTO_INCREMENT,
  `lesson_category_id` tinyint DEFAULT NULL,
  `location_id` tinyint DEFAULT NULL,
  `name` varchar(100) COLLATE utf8mb4_general_ci DEFAULT NULL,
  PRIMARY KEY (`lesson_group_id`),
  KEY `fk_lesson_group_lesson_category_id` (`lesson_category_id`),
  KEY `fk_lesson_group_location_id` (`location_id`),
  CONSTRAINT `fk_lesson_group_lesson_category_id` FOREIGN KEY (`lesson_category_id`) REFERENCES `lesson_category` (`lesson_category_id`) ON DELETE SET NULL ON UPDATE CASCADE,
  CONSTRAINT `fk_lesson_group_location_id` FOREIGN KEY (`location_id`) REFERENCES `location` (`location_id`) ON DELETE SET NULL ON UPDATE CASCADE
) ENGINE=InnoDB AUTO_INCREMENT=65 DEFAULT CHARSET=utf8mb4 COLLATE=utf8mb4_general_ci;
/*!40101 SET character_set_client = @saved_cs_client */;

--
-- Dumping data for table `lesson_group`
--

LOCK TABLES `lesson_group` WRITE;
/*!40000 ALTER TABLE `lesson_group` DISABLE KEYS */;
INSERT INTO `lesson_group` VALUES (1,2,2,'경상도 드라마 대사 첫번째 퍼즐'),(2,2,2,'경상도 드라마 대사 두번째 퍼즐'),(3,2,2,'경상도 드라마 대사 세번째 퍼즐'),(4,2,2,'경상도 드라마 대사 네번째 퍼즐'),(5,2,2,'경상도 드라마 대사 다섯번째 퍼즐'),(6,2,2,'경상도 드라마 대사 여섯번째 퍼즐'),(7,2,2,'경상도 드라마 대사 일곱번째 퍼즐'),(8,2,2,'경상도 드라마 대사 여덟번째 퍼즐'),(9,2,2,'경상도 드라마 대사 아홉번째 퍼즐'),(10,3,2,'경상도 영화 대사 첫번째 퍼즐'),(11,3,2,'경상도 영화 대사 두번째 퍼즐'),(12,3,2,'경상도 영화 대사 세번째 퍼즐'),(13,3,2,'경상도 영화 대사 네번째 퍼즐'),(14,3,2,'경상도 영화 대사 다섯번째 퍼즐'),(15,3,2,'경상도 영화 대사 여섯번째 퍼즐'),(16,3,2,'경상도 영화 대사 일곱번째 퍼즐'),(17,3,2,'경상도 영화 대사 여덟번째 퍼즐'),(18,3,2,'경상도 영화 대사 아홉번째 퍼즐'),(19,4,2,'경상도 밈 첫번째 퍼즐'),(20,4,2,'경상도 밈 두번째 퍼즐'),(21,4,2,'경상도 밈 세번째 퍼즐'),(22,4,2,'경상도 밈 네번째 퍼즐'),(23,4,2,'경상도 밈 다섯번째 퍼즐'),(24,4,2,'경상도 밈 여섯번째 퍼즐'),(25,4,2,'경상도 밈 일곱번째 퍼즐'),(26,4,2,'경상도 밈 여덟번째 퍼즐'),(27,4,2,'경상도 밈 아홉번째 퍼즐'),(28,1,2,'경상도 일상 첫번째 퍼즐'),(29,1,2,'경상도 일상 두번째 퍼즐'),(30,1,2,'경상도 일상 세번째 퍼즐'),(31,1,2,'경상도 일상 네번째 퍼즐'),(32,1,2,'경상도 일상 다섯번째 퍼즐'),(33,1,2,'경상도 일상 여섯번째 퍼즐'),(34,1,2,'경상도 일상 일곱번째 퍼즐'),(35,1,2,'경상도 일상 여덟번째 퍼즐'),(36,1,2,'경상도 일상 아홉번째 퍼즐'),(37,2,3,'경기도 드라마 대사 첫번째 퍼즐'),(38,2,3,'경기도 드라마 대사 두번째 퍼즐'),(39,2,3,'경기도 드라마 대사 세번째 퍼즐'),(40,2,3,'경기도 드라마 대사 네번째 퍼즐'),(41,2,3,'경기도 드라마 대사 다섯번째 퍼즐'),(42,3,3,'경기도 영화 대사 첫번째 퍼즐'),(43,3,3,'경기도 영화 대사 두번째 퍼즐'),(44,3,3,'경기도 영화 대사 세번째 퍼즐'),(45,3,3,'경기도 영화 대사 네번째 퍼즐'),(46,3,3,'경기도 영화 대사 다섯번째 퍼즐'),(47,4,3,'경기도 밈 첫번째 퍼즐'),(48,4,3,'경기도 밈 두번째 퍼즐'),(49,4,3,'경기도 밈 세번째 퍼즐'),(50,4,3,'경기도 밈 네번째 퍼즐'),(51,4,3,'경기도 밈 다섯번째 퍼즐'),(52,1,3,'경기도 일상 첫번째 퍼즐'),(53,1,3,'경기도 일상 두번째 퍼즐'),(54,1,3,'경기도 일상 세번째 퍼즐'),(55,1,3,'경기도 일상 네번째 퍼즐'),(56,1,3,'경기도 일상 다섯번째 퍼즐'),(57,2,4,'강원도 드라마 첫번째 퍼즐'),(58,2,4,'강원도 드라마 두번째 퍼즐'),(59,2,5,'충청도 드라마 첫번째 퍼즐'),(60,2,5,'충청도 드라마 두번째 퍼즐'),(61,2,6,'전라도 드라마 첫번째 퍼즐'),(62,2,6,'전라도 드라마 두번째 퍼즐'),(63,2,7,'제주도 드라마 첫번째 퍼즐'),(64,2,7,'제주도 드라마 두번째 퍼즐');
/*!40000 ALTER TABLE `lesson_group` ENABLE KEYS */;
UNLOCK TABLES;

--
-- Table structure for table `lesson_group_result`
--

DROP TABLE IF EXISTS `lesson_group_result`;
/*!40101 SET @saved_cs_client     = @@character_set_client */;
/*!50503 SET character_set_client = utf8mb4 */;
CREATE TABLE `lesson_group_result` (
  `lesson_group_result_id` bigint NOT NULL AUTO_INCREMENT,
  `lesson_group_id` int NOT NULL,
  `user_id` int NOT NULL,
  `avg_similarity` tinyint DEFAULT NULL,
  `avg_accuracy` tinyint DEFAULT NULL,
  `start_dt` datetime(2) NOT NULL,
  `end_dt` datetime(2) DEFAULT NULL,
  `is_completed` tinyint(1) DEFAULT NULL,
  PRIMARY KEY (`lesson_group_result_id`),
  KEY `fk_lesson_group_result_lesson_group_id` (`lesson_group_id`),
  KEY `fk_lesson_group_result_user_id` (`user_id`),
  CONSTRAINT `fk_lesson_group_result_lesson_group_id` FOREIGN KEY (`lesson_group_id`) REFERENCES `lesson_group` (`lesson_group_id`) ON DELETE CASCADE ON UPDATE CASCADE,
  CONSTRAINT `fk_lesson_group_result_user_id` FOREIGN KEY (`user_id`) REFERENCES `user` (`user_id`) ON DELETE CASCADE ON UPDATE CASCADE
) ENGINE=InnoDB AUTO_INCREMENT=18 DEFAULT CHARSET=utf8mb4 COLLATE=utf8mb4_general_ci;
/*!40101 SET character_set_client = @saved_cs_client */;

--
-- Dumping data for table `lesson_group_result`
--

LOCK TABLES `lesson_group_result` WRITE;
/*!40000 ALTER TABLE `lesson_group_result` DISABLE KEYS */;
INSERT INTO `lesson_group_result` VALUES (1,12,32,75,72,'2024-02-18 19:33:29.00',NULL,0),(2,11,32,42,29,'2024-02-18 19:33:29.00',NULL,0),(3,10,32,39,64,'2024-02-18 19:33:29.00','2024-08-15 19:33:29.00',1),(4,1,33,77,25,'2024-02-18 19:33:29.00','2024-08-15 19:33:29.00',1),(5,2,33,64,60,'2024-02-18 19:33:29.00','2024-08-14 19:33:29.00',1),(6,3,33,60,75,'2024-02-18 19:33:29.00','2024-08-10 19:33:29.00',1),(7,4,33,97,23,'2024-02-18 19:33:29.00','2024-08-06 19:33:29.00',1),(8,5,33,72,86,'2024-02-18 19:33:29.00','2024-08-03 19:33:29.00',1),(9,6,33,57,23,'2024-02-18 19:33:29.00','2024-07-29 19:33:29.00',1),(10,7,33,24,73,'2024-02-18 19:33:29.00','2024-07-25 19:33:29.00',1),(11,8,33,90,88,'2024-02-18 19:33:29.00','2024-07-20 19:33:29.00',1),(12,9,33,32,35,'2024-02-18 19:33:29.00','2024-07-15 19:33:29.00',1),(13,37,34,82,91,'2024-02-18 19:33:29.00','2024-08-14 19:33:29.00',1),(14,57,34,89,86,'2024-02-18 19:33:29.00','2024-08-14 19:33:29.00',1),(15,59,34,73,81,'2024-02-18 19:33:29.00','2024-08-14 19:33:29.00',1),(16,61,34,94,80,'2024-02-18 19:33:29.00','2024-08-14 19:33:29.00',1),(17,63,34,79,75,'2024-02-18 19:33:29.00','2024-08-14 19:33:29.00',1);
/*!40000 ALTER TABLE `lesson_group_result` ENABLE KEYS */;
UNLOCK TABLES;

--
-- Table structure for table `lesson_record_file`
--

DROP TABLE IF EXISTS `lesson_record_file`;
/*!40101 SET @saved_cs_client     = @@character_set_client */;
/*!50503 SET character_set_client = utf8mb4 */;
CREATE TABLE `lesson_record_file` (
  `lesson_record_file_id` bigint NOT NULL AUTO_INCREMENT,
  `lesson_result_id` bigint DEFAULT NULL,
  `user_voice_file_name` varchar(512) COLLATE utf8mb4_general_ci DEFAULT NULL,
  `user_voice_file_path` varchar(512) COLLATE utf8mb4_general_ci DEFAULT NULL,
  `user_voice_script` varchar(100) COLLATE utf8mb4_general_ci DEFAULT NULL,
  PRIMARY KEY (`lesson_record_file_id`),
  KEY `fk_lesson_record_file_lesson_result_id` (`lesson_result_id`),
  CONSTRAINT `fk_lesson_record_file_lesson_result_id` FOREIGN KEY (`lesson_result_id`) REFERENCES `lesson_result` (`lesson_result_id`) ON DELETE CASCADE ON UPDATE CASCADE
) ENGINE=InnoDB AUTO_INCREMENT=55 DEFAULT CHARSET=utf8mb4 COLLATE=utf8mb4_general_ci;
/*!40101 SET character_set_client = @saved_cs_client */;

--
-- Dumping data for table `lesson_record_file`
--

LOCK TABLES `lesson_record_file` WRITE;
/*!40000 ALTER TABLE `lesson_record_file` DISABLE KEYS */;
INSERT INTO `lesson_record_file` VALUES (1,1,'file_sample.wav','no path','보며안되니'),(2,2,'file_sample.wav','no path','왜이래'),(3,3,'file_sample.wav','no path','나도가호가있잖니'),(4,4,'file_sample.wav','no path','이제곧추석이네'),(5,5,'file_sample.wav','no path','쥬스마셔야지'),(6,6,'file_sample.wav','no path','사연있나'),(7,7,'file_sample.wav','no path','장구오늘첫날이니'),(8,11,'file_sample.wav','no path','사연있나'),(9,12,'file_sample.wav','no path','사연있나'),(10,13,'file_sample.wav','no path','가시내운동하나도안했니'),(11,14,'file_sample.wav','no path','그거 내만 안되는거 아니거든'),(12,15,'file_sample.wav','no path','그거 하나 몬해주나'),(13,16,'file_sample.wav','no path','그런거 아이다'),(14,17,'file_sample.wav','no path','난 당신이 싫습니다'),(15,18,'file_sample.wav','no path','난 당신이 좋습니다'),(16,19,'file_sample.wav','no path','니같은 금수한테 뮤지컬이 웬말이고'),(17,20,'file_sample.wav','no path','니하고 아무 상관없다'),(18,21,'file_sample.wav','no path','떡볶이나 쳐먹자'),(19,22,'file_sample.wav','no path','장구오늘첫날이니'),(20,23,'file_sample.wav','no path','사연있나'),(21,24,'file_sample.wav','no path','사연있나'),(22,25,'file_sample.wav','no path','사연있나'),(23,26,'file_sample.wav','no path','장구오늘첫날이니'),(24,27,'file_sample.wav','no path','사연있나'),(25,28,'file_sample.wav','no path','사연있나'),(26,29,'file_sample.wav','no path','사연있나'),(27,30,'file_sample.wav','no path','장구오늘첫날이니'),(28,31,'file_sample.wav','no path','사연있나'),(29,32,'file_sample.wav','no path','사연있나'),(30,33,'file_sample.wav','no path','사연있나'),(31,34,'file_sample.wav','no path','장구오늘첫날이니'),(32,35,'file_sample.wav','no path','사연있나'),(33,36,'file_sample.wav','no path','사연있나'),(34,37,'file_sample.wav','no path','사연있나'),(35,38,'file_sample.wav','no path','장구오늘첫날이니'),(36,39,'file_sample.wav','no path','사연있나'),(37,40,'file_sample.wav','no path','사연있나'),(38,41,'file_sample.wav','no path','사연있나'),(39,42,'file_sample.wav','no path','장구오늘첫날이니'),(40,43,'file_sample.wav','no path','사연있나'),(41,44,'file_sample.wav','no path','사연있나'),(42,45,'file_sample.wav','no path','사연있나'),(43,46,'file_sample.wav','no path','장구오늘첫날이니'),(44,47,'file_sample.wav','no path','사연있나'),(45,48,'file_sample.wav','no path','사연있나'),(46,49,'file_sample.wav','no path','사연있나'),(47,50,'file_sample.wav','no path','장구오늘첫날이니'),(48,51,'file_sample.wav','no path','사연있나'),(49,52,'file_sample.wav','no path','사연있나'),(50,53,'file_sample.wav','no path','사연있나'),(51,54,'file_sample.wav','no path','장구오늘첫날이니'),(52,55,'file_sample.wav','no path','사연있나'),(53,56,'file_sample.wav','no path','사연있나'),(54,57,'file_sample.wav','no path','사연있나');
/*!40000 ALTER TABLE `lesson_record_file` ENABLE KEYS */;
UNLOCK TABLES;

--
-- Table structure for table `lesson_record_graph`
--

DROP TABLE IF EXISTS `lesson_record_graph`;
/*!40101 SET @saved_cs_client     = @@character_set_client */;
/*!50503 SET character_set_client = utf8mb4 */;
CREATE TABLE `lesson_record_graph` (
  `lesson_record_graph_id` bigint NOT NULL AUTO_INCREMENT,
  `lesson_result_id` bigint DEFAULT NULL,
  `graph_x` text COLLATE utf8mb4_general_ci,
  `graph_y` text COLLATE utf8mb4_general_ci,
  PRIMARY KEY (`lesson_record_graph_id`),
  KEY `fk_lesson_record_graph_lesson_result_id` (`lesson_result_id`),
  CONSTRAINT `fk_lesson_record_graph_lesson_result_id` FOREIGN KEY (`lesson_result_id`) REFERENCES `lesson_result` (`lesson_result_id`) ON DELETE CASCADE ON UPDATE CASCADE
) ENGINE=InnoDB AUTO_INCREMENT=55 DEFAULT CHARSET=utf8mb4 COLLATE=utf8mb4_general_ci;
/*!40101 SET character_set_client = @saved_cs_client */;

--
-- Dumping data for table `lesson_record_graph`
--

LOCK TABLES `lesson_record_graph` WRITE;
/*!40000 ALTER TABLE `lesson_record_graph` DISABLE KEYS */;
INSERT INTO `lesson_record_graph` VALUES (1,1,'[x]','[y]'),(2,2,'[x]','[y]'),(3,3,'[x]','[y]'),(4,4,'[x]','[y]'),(5,5,'[x]','[y]'),(6,6,'[x]','[y]'),(7,7,'[x]','[y]'),(8,11,'[x]','[y]'),(9,12,'[x]','[y]'),(10,13,'[x]','[y]'),(11,14,'[x]','[y]'),(12,15,'[x]','[y]'),(13,16,'[x]','[y]'),(14,17,'[x]','[y]'),(15,18,'[x]','[y]'),(16,19,'[x]','[y]'),(17,20,'[x]','[y]'),(18,21,'[x]','[y]'),(19,22,'[x]','[y]'),(20,23,'[x]','[y]'),(21,24,'[x]','[y]'),(22,25,'[x]','[y]'),(23,26,'[x]','[y]'),(24,27,'[x]','[y]'),(25,28,'[x]','[y]'),(26,29,'[x]','[y]'),(27,30,'[x]','[y]'),(28,31,'[x]','[y]'),(29,32,'[x]','[y]'),(30,33,'[x]','[y]'),(31,34,'[x]','[y]'),(32,35,'[x]','[y]'),(33,36,'[x]','[y]'),(34,37,'[x]','[y]'),(35,38,'[x]','[y]'),(36,39,'[x]','[y]'),(37,40,'[x]','[y]'),(38,41,'[x]','[y]'),(39,42,'[x]','[y]'),(40,43,'[x]','[y]'),(41,44,'[x]','[y]'),(42,45,'[x]','[y]'),(43,46,'[x]','[y]'),(44,47,'[x]','[y]'),(45,48,'[x]','[y]'),(46,49,'[x]','[y]'),(47,50,'[x]','[y]'),(48,51,'[x]','[y]'),(49,52,'[x]','[y]'),(50,53,'[x]','[y]'),(51,54,'[x]','[y]'),(52,55,'[x]','[y]'),(53,56,'[x]','[y]'),(54,57,'[x]','[y]');
/*!40000 ALTER TABLE `lesson_record_graph` ENABLE KEYS */;
UNLOCK TABLES;

--
-- Table structure for table `lesson_result`
--

DROP TABLE IF EXISTS `lesson_result`;
/*!40101 SET @saved_cs_client     = @@character_set_client */;
/*!50503 SET character_set_client = utf8mb4 */;
CREATE TABLE `lesson_result` (
  `lesson_result_id` bigint NOT NULL AUTO_INCREMENT,
  `lesson_group_result_id` bigint NOT NULL,
  `lesson_id` int NOT NULL,
  `accent_similarity` tinyint DEFAULT NULL,
  `pronunciation_accuracy` tinyint DEFAULT NULL,
  `lesson_dt` datetime(2) DEFAULT NULL,
  `is_skipped` tinyint(1) DEFAULT NULL,
  PRIMARY KEY (`lesson_result_id`),
  KEY `fk_lesson_result_lesson_id` (`lesson_id`),
  KEY `fk_lesson_result_lesson_group_result_id` (`lesson_group_result_id`),
  CONSTRAINT `fk_lesson_result_lesson_group_result_id` FOREIGN KEY (`lesson_group_result_id`) REFERENCES `lesson_group_result` (`lesson_group_result_id`) ON DELETE CASCADE ON UPDATE CASCADE,
  CONSTRAINT `fk_lesson_result_lesson_id` FOREIGN KEY (`lesson_id`) REFERENCES `lesson` (`lesson_id`) ON DELETE CASCADE ON UPDATE CASCADE
) ENGINE=InnoDB AUTO_INCREMENT=58 DEFAULT CHARSET=utf8mb4 COLLATE=utf8mb4_general_ci;
/*!40101 SET character_set_client = @saved_cs_client */;

--
-- Dumping data for table `lesson_result`
--

LOCK TABLES `lesson_result` WRITE;
/*!40000 ALTER TABLE `lesson_result` DISABLE KEYS */;
INSERT INTO `lesson_result` VALUES (1,3,46,43,71,'2024-08-15 19:33:29.00',0),(2,3,47,95,36,'2024-08-14 19:33:29.00',0),(3,3,48,79,54,'2024-08-13 19:33:29.00',0),(4,3,49,38,74,'2024-08-12 19:33:29.00',0),(5,3,50,23,25,'2024-08-11 19:33:29.00',0),(6,2,51,55,59,'2024-08-10 19:33:29.00',0),(7,2,52,85,45,'2024-08-09 19:33:29.00',0),(8,2,53,67,27,'2024-08-09 19:33:29.00',1),(9,2,54,31,57,'2024-08-09 19:33:29.00',1),(10,2,55,97,22,'2024-08-09 19:33:29.00',1),(11,1,56,57,23,'2024-08-08 19:33:29.00',0),(12,1,57,71,73,'2024-08-07 19:33:29.00',0),(13,4,1,89,62,'2024-08-15 19:33:29.00',0),(14,4,2,26,85,'2024-08-15 19:33:29.00',0),(15,4,3,28,70,'2024-08-15 19:33:29.00',0),(16,4,4,91,52,'2024-08-15 19:33:29.00',0),(17,4,5,69,38,'2024-08-15 19:33:29.00',0),(18,5,6,49,93,'2024-08-14 19:33:29.00',0),(19,5,7,77,82,'2024-08-13 19:33:29.00',0),(20,5,8,21,68,'2024-08-13 19:33:29.00',0),(21,5,9,83,62,'2024-08-12 19:33:29.00',0),(22,5,10,65,63,'2024-08-11 19:33:29.00',0),(23,6,11,34,53,'2024-08-10 19:33:29.00',0),(24,6,12,47,96,'2024-08-10 19:33:29.00',0),(25,6,13,81,88,'2024-08-09 19:33:29.00',0),(26,6,14,50,36,'2024-08-08 19:33:29.00',0),(27,6,15,30,58,'2024-08-07 19:33:29.00',0),(28,7,16,66,72,'2024-08-06 19:33:29.00',0),(29,7,17,39,74,'2024-08-06 19:33:29.00',0),(30,7,18,43,58,'2024-08-06 19:33:29.00',0),(31,7,19,99,77,'2024-08-05 19:33:29.00',0),(32,7,20,51,49,'2024-08-04 19:33:29.00',0),(33,8,21,41,50,'2024-08-03 19:33:29.00',0),(34,8,22,82,23,'2024-08-02 19:33:29.00',0),(35,8,23,57,49,'2024-08-01 19:33:29.00',0),(36,8,24,49,89,'2024-07-31 19:33:29.00',0),(37,8,25,55,57,'2024-07-30 19:33:29.00',0),(38,9,26,72,25,'2024-07-29 19:33:29.00',0),(39,9,27,97,63,'2024-07-28 19:33:29.00',0),(40,9,28,35,56,'2024-07-28 19:33:29.00',0),(41,9,29,98,22,'2024-07-27 19:33:29.00',0),(42,9,30,84,90,'2024-07-26 19:33:29.00',0),(43,10,31,98,98,'2024-07-25 19:33:29.00',0),(44,10,32,26,81,'2024-07-24 19:33:29.00',0),(45,10,33,76,71,'2024-07-23 19:33:29.00',0),(46,10,34,78,60,'2024-07-22 19:33:29.00',0),(47,10,35,92,68,'2024-07-21 19:33:29.00',0),(48,11,36,67,75,'2024-07-20 19:33:29.00',0),(49,11,37,20,62,'2024-07-19 19:33:29.00',0),(50,11,38,99,29,'2024-07-18 19:33:29.00',0),(51,11,39,77,81,'2024-07-17 19:33:29.00',0),(52,11,40,78,34,'2024-07-16 19:33:29.00',0),(53,12,41,21,21,'2024-07-15 19:33:29.00',0),(54,12,42,42,71,'2024-07-14 19:33:29.00',0),(55,12,43,36,79,'2024-07-13 19:33:29.00',0),(56,12,44,93,83,'2024-07-12 19:33:29.00',0),(57,12,45,45,43,'2024-07-12 19:33:29.00',0);
/*!40000 ALTER TABLE `lesson_result` ENABLE KEYS */;
UNLOCK TABLES;

--
-- Table structure for table `location`
--

DROP TABLE IF EXISTS `location`;
/*!40101 SET @saved_cs_client     = @@character_set_client */;
/*!50503 SET character_set_client = utf8mb4 */;
CREATE TABLE `location` (
  `location_id` tinyint NOT NULL AUTO_INCREMENT,
  `name` varchar(50) COLLATE utf8mb4_general_ci DEFAULT NULL,
  PRIMARY KEY (`location_id`)
) ENGINE=InnoDB AUTO_INCREMENT=8 DEFAULT CHARSET=utf8mb4 COLLATE=utf8mb4_general_ci;
/*!40101 SET character_set_client = @saved_cs_client */;

--
-- Dumping data for table `location`
--

LOCK TABLES `location` WRITE;
/*!40000 ALTER TABLE `location` DISABLE KEYS */;
INSERT INTO `location` VALUES (1,'default'),(2,'gyungsang'),(3,'gyunggi'),(4,'gangwon'),(5,'chungcheong'),(6,'jeonra'),(7,'jeju');
/*!40000 ALTER TABLE `location` ENABLE KEYS */;
UNLOCK TABLES;

--
-- Table structure for table `quiz`
--

DROP TABLE IF EXISTS `quiz`;
/*!40101 SET @saved_cs_client     = @@character_set_client */;
/*!50503 SET character_set_client = utf8mb4 */;
CREATE TABLE `quiz` (
  `quiz_id` int NOT NULL AUTO_INCREMENT,
  `location_id` tinyint NOT NULL,
  `question` varchar(300) COLLATE utf8mb4_general_ci NOT NULL,
  `creation_dt` datetime(2) NOT NULL,
  `is_objective` tinyint(1) NOT NULL,
  PRIMARY KEY (`quiz_id`),
  KEY `fk_quiz_location_id` (`location_id`),
  CONSTRAINT `fk_quiz_location_id` FOREIGN KEY (`location_id`) REFERENCES `location` (`location_id`) ON DELETE CASCADE ON UPDATE CASCADE
) ENGINE=InnoDB AUTO_INCREMENT=22 DEFAULT CHARSET=utf8mb4 COLLATE=utf8mb4_general_ci;
/*!40101 SET character_set_client = @saved_cs_client */;

--
-- Dumping data for table `quiz`
--

LOCK TABLES `quiz` WRITE;
/*!40000 ALTER TABLE `quiz` DISABLE KEYS */;
INSERT INTO `quiz` VALUES (1,1,'대기 중 대화용','2024-08-15 19:33:29.00',0),(2,2,'만다꼬 그라노에서 \'만다꼬\'의 뜻으로 알맞은 것은?','2024-08-15 19:33:29.00',1),(3,2,'애비다 의 뜻으로 알맞은 것은?','2024-08-15 19:33:29.00',1),(4,2,'어디까지올라가는거에요의 음정으로 알맞은 것은?','2024-08-15 19:33:29.00',1),(5,2,'다음 중 \'어어어 그 옷 파이다\' 에서 \'파이다\'의 뜻을 잘 해석한 것은?','2024-08-15 19:33:29.00',1),(6,2,'다음 중 경상도 사투리가 아닌 것은?','2024-08-15 19:33:29.00',1),(7,2,'쪼매의 뜻은?','2024-08-15 19:33:29.00',0),(8,2,'퍼뜩의 뜻은?','2024-08-15 19:33:29.00',0),(9,2,'표준어 \'그만\'을 경상도 사투리로 바꾸면?','2024-08-15 19:33:29.00',0),(10,2,'고닥꾜솩쌔미의 뜻은?','2024-08-15 19:33:29.00',0),(11,2,'디비라의 뜻은?','2024-08-15 19:33:29.00',0),(12,2,'\'너 밥먹었어?\'의 경상도 식 올바른 답변은?(밥을 안먹은 상태)','2024-08-15 19:33:29.00',1),(13,2,'\'억수로\'의 뜻으로 가장 적절한 것은?','2024-08-15 19:33:29.00',1),(14,2,'\'뿌라진다\'의 뜻으로 가장 적절한 것은?','2024-08-15 19:33:29.00',1),(15,2,'\'그 얘가 그 얘냐?\'를 경상도 식으로 말하면?','2024-08-15 19:33:29.00',1),(16,2,'\'이건 또 우애 해야하지\'의 뜻으로 가장 적절한 것은?','2024-08-15 19:33:29.00',1),(17,2,'\'여는 어쩐일인데\'에서 \'여는\'의 의미는?','2024-08-15 19:33:29.00',0),(18,2,'마이 뭇다 아이가의 뜻으로 알맞은 것은?','2024-08-15 19:33:29.00',1),(19,2,'경상도 사람이 주차뿔라 라고 했을 때 해야되는 행동은?','2024-08-15 19:33:29.00',1),(20,2,'얼라의 뜻은?','2024-08-15 19:33:29.00',0),(21,2,'고마 치아라에서 치아라의 뜻은?','2024-08-15 19:33:29.00',0);
/*!40000 ALTER TABLE `quiz` ENABLE KEYS */;
UNLOCK TABLES;

--
-- Table structure for table `quiz_choice`
--

DROP TABLE IF EXISTS `quiz_choice`;
/*!40101 SET @saved_cs_client     = @@character_set_client */;
/*!50503 SET character_set_client = utf8mb4 */;
CREATE TABLE `quiz_choice` (
  `quiz_id` int NOT NULL,
  `choice_id` tinyint NOT NULL,
  `content` varchar(300) COLLATE utf8mb4_general_ci DEFAULT NULL,
  `is_answer` tinyint(1) DEFAULT NULL,
  PRIMARY KEY (`quiz_id`,`choice_id`),
  CONSTRAINT `fk_quiz_choice_quiz_id` FOREIGN KEY (`quiz_id`) REFERENCES `quiz` (`quiz_id`) ON DELETE CASCADE ON UPDATE CASCADE
) ENGINE=InnoDB DEFAULT CHARSET=utf8mb4 COLLATE=utf8mb4_general_ci;
/*!40101 SET character_set_client = @saved_cs_client */;

--
-- Dumping data for table `quiz_choice`
--

LOCK TABLES `quiz_choice` WRITE;
/*!40000 ALTER TABLE `quiz_choice` DISABLE KEYS */;
INSERT INTO `quiz_choice` VALUES (2,1,'가만 두라고',0),(2,2,'뭐 한다고',1),(2,3,'그만 두라고',0),(2,4,'많다고',0),(3,1,'야위다',1),(3,2,'아프다',0),(3,3,'예쁘다',0),(3,4,'Im your father',0),(4,1,'도레미파솔라시도레미레',1),(4,2,'도레미파솔라시도레미파',0),(4,3,'레미레도시라솔파미레도',0),(4,4,'도레미파솔라시도시도레',0),(5,1,'파였다',0),(5,2,'별로다',1),(5,3,'Pie다',0),(5,4,'π',0),(6,1,'정구지',0),(6,2,'단디',0),(6,3,'솔',1),(6,4,'잠온다',0),(7,1,'조금',1),(8,1,'빨리',1),(9,1,'고마',1),(10,1,'고등학교 수학 선생님이',1),(11,1,'뒤집어라',1),(12,1,'어어',0),(12,2,'어어어',1),(12,3,'어어어어',0),(12,4,'어어어어어',0),(13,1,'억지로',0),(13,2,'억수라는 이름의 길',0),(13,3,'정말로',1),(13,4,'별로',0),(14,1,'부러진다',1),(14,2,'부식된다',0),(14,3,'부족하다',0),(14,4,'부딪힌다',0),(15,1,'이가이가',0),(15,2,'가가가',0),(15,3,'가가가가',1),(15,4,'가갸거겨',0),(16,1,'이건 또 언제 해야하지',0),(16,2,'이건 또 어떻게 해야하지',1),(16,3,'이건 또 왜 해야하지',0),(16,4,'이건 또 누가 해야하지',0),(17,1,'여기는',1),(18,1,'마이를 먹었잖니',0),(18,2,'많이 묻었잖아',0),(18,3,'많이 먹다가 아이가 됐잖니',0),(18,4,'많이 먹었잖니',1),(19,1,'주차 자리를 비워준다',0),(19,2,'예수님을 찬양한다',0),(19,3,'화가 난 것 같으므로 사과한다',1),(19,4,'주차된 차에서 뿔이 나오기 때문에 피한다',0),(20,1,'아이',1),(21,1,'치워라',1);
/*!40000 ALTER TABLE `quiz_choice` ENABLE KEYS */;
UNLOCK TABLES;

--
-- Table structure for table `user`
--

DROP TABLE IF EXISTS `user`;
/*!40101 SET @saved_cs_client     = @@character_set_client */;
/*!50503 SET character_set_client = utf8mb4 */;
CREATE TABLE `user` (
  `user_id` int NOT NULL AUTO_INCREMENT,
  `location_id` tinyint DEFAULT NULL,
  `email` varchar(50) COLLATE utf8mb4_general_ci NOT NULL,
  `nickname` varchar(50) COLLATE utf8mb4_general_ci DEFAULT NULL,
  `password` varchar(64) COLLATE utf8mb4_general_ci DEFAULT NULL,
  `reg_date` datetime(2) NOT NULL,
  `exp` int DEFAULT NULL,
  `gender` enum('DEFAULT','FEMALE','MALE') COLLATE utf8mb4_general_ci DEFAULT NULL,
  `age_range` enum('CHILD','DEFAULT','EIGHTEEN','FIFTEEN','FOURTEEN','NINETEEN','SEVENTEEN','SIXTEEN','TEENAGER','THIRTEEN','TWENTEEN') COLLATE utf8mb4_general_ci DEFAULT NULL,
  `role` enum('ADMIN','BANNED','BASIC') COLLATE utf8mb4_general_ci DEFAULT NULL,
  `is_deleted` tinyint(1) DEFAULT NULL,
  `deleted_dt` datetime(2) DEFAULT NULL,
  `return_dt` datetime(2) DEFAULT NULL,
  `bird_id` tinyint DEFAULT NULL,
  PRIMARY KEY (`user_id`),
  KEY `fk_user_bird_id` (`bird_id`),
  KEY `fk_user_location_id` (`location_id`),
  CONSTRAINT `fk_user_bird_id` FOREIGN KEY (`bird_id`) REFERENCES `bird` (`bird_id`) ON DELETE SET NULL ON UPDATE CASCADE,
  CONSTRAINT `fk_user_location_id` FOREIGN KEY (`location_id`) REFERENCES `location` (`location_id`) ON DELETE SET NULL ON UPDATE CASCADE
) ENGINE=InnoDB AUTO_INCREMENT=38 DEFAULT CHARSET=utf8mb4 COLLATE=utf8mb4_general_ci;
/*!40101 SET character_set_client = @saved_cs_client */;

--
-- Dumping data for table `user`
--

LOCK TABLES `user` WRITE;
/*!40000 ALTER TABLE `user` DISABLE KEYS */;
INSERT INTO `user` VALUES (1,1,'email1@email.com','내이름은1번','ZevNV3FYY6lSw9HDnbhTpA==','2024-08-15 19:33:29.00',1024,'MALE','TWENTEEN','BASIC',0,NULL,NULL,2),(2,2,'email2@email.com','내이름은2번','IbL8z6/rg+2CK6iZ7J6hEA==','2024-08-15 19:33:29.00',5010,'FEMALE','DEFAULT','BASIC',0,NULL,NULL,4),(3,2,'email3@email.com','내이름은3번','9d3ULzS+ihS84sIW60rEOw==','2024-08-15 19:33:29.00',512,'DEFAULT','TEENAGER','BASIC',0,NULL,NULL,11),(4,2,'email4@email.com','내이름은4번','1oj+RRZxZWwWS/gHbJFHHQ==','2024-08-15 19:33:29.00',22,'FEMALE','CHILD','BASIC',0,NULL,NULL,3),(5,2,'email5@email.com','내이름은5번','qt1B/2K9NtekZ1yYH+7Gbw==','2024-08-15 19:33:29.00',518,'MALE','TWENTEEN','BASIC',0,NULL,NULL,1),(6,2,'email6@email.com','내이름은6번','8UJvdYxj9gW9EMSOfSAb9A==','2024-08-15 19:33:29.00',1940,'DEFAULT','FOURTEEN','BASIC',0,NULL,NULL,2),(7,2,'email7@email.com','내이름은7번','kLrALa1lJ3CCqd76hwg+5g==','2024-08-15 19:33:29.00',2062,'MALE','DEFAULT','BASIC',0,NULL,NULL,3),(8,2,'email8@email.com','내이름은8번','9GkS5XTJ1bR11jntL06AfA==','2024-08-15 19:33:29.00',1244,'FEMALE','TWENTEEN','BASIC',0,NULL,NULL,4),(9,2,'email9@email.com','내이름은9번','SaeO8PZsmRzRp0tpQcOOnw==','2024-08-15 19:33:29.00',4464,'DEFAULT','THIRTEEN','BASIC',0,NULL,NULL,5),(10,2,'email10@email.com','내이름은10번','fyZo6+9GVhiRTZdKtbay0A==','2024-08-15 19:33:29.00',2910,'FEMALE','TEENAGER','BASIC',0,NULL,NULL,6),(11,3,'email11@email.com','내이름은11번','lgSnP5XLFl354+RRR3r+/A==','2024-08-15 19:33:29.00',2488,'MALE','TWENTEEN','BASIC',0,NULL,NULL,18),(12,4,'email12@email.com','내이름은12번','9QFEEcBjL0WxF4GgcSC+zw==','2024-08-15 19:33:29.00',4984,'DEFAULT','DEFAULT','BASIC',0,NULL,NULL,11),(13,5,'email13@email.com','내이름은13번','RxdX27bJg5bb9XxLapeWgw==','2024-08-15 19:33:29.00',3082,'MALE','TWENTEEN','BASIC',0,NULL,NULL,15),(14,6,'email14@email.com','내이름은14번','muIa2aMpNjx17BA05lPpGA==','2024-08-15 19:33:29.00',3820,'FEMALE','FIFTEEN','BASIC',0,NULL,NULL,17),(15,7,'email15@email.com','내이름은15번','R5Rog5Cv0gEfwB5Lw2byCw==','2024-08-15 19:33:29.00',2924,'DEFAULT','TEENAGER','BASIC',0,NULL,NULL,18),(16,3,'email16@email.com','내이름은16번','jAQJQk4rlifmM2++ELo1Sg==','2024-08-15 19:33:29.00',904,'FEMALE','TWENTEEN','BASIC',0,NULL,NULL,7),(17,4,'email17@email.com','내이름은17번','VV6NHy5EDo2PqY2QAl+n+Q==','2024-08-15 19:33:29.00',692,'MALE','THIRTEEN','BASIC',0,NULL,NULL,8),(18,5,'email18@email.com','내이름은18번','u5hCBcKZrKJBHUfmRh6txA==','2024-08-15 19:33:29.00',1320,'DEFAULT','DEFAULT','BASIC',0,NULL,NULL,9),(19,6,'email19@email.com','내이름은19번','v4I56UqMoLXesXJglNC8FA==','2024-08-15 19:33:29.00',2716,'MALE','FOURTEEN','BASIC',0,NULL,NULL,9),(20,7,'email20@email.com','내이름은20번','xyxyJBOEkEoOuBC5e0M8BQ==','2024-08-15 19:33:29.00',400,'FEMALE','TWENTEEN','BASIC',0,NULL,NULL,8),(21,3,'email21@email.com','내이름은21번','xlEocKV+ZFh9m45f+68Apw==','2024-08-15 19:33:29.00',300,'DEFAULT','CHILD','BASIC',0,NULL,NULL,7),(22,4,'email22@email.com','내이름은22번','DO5bEMlDI3yUeceshq2Gdg==','2024-08-15 19:33:29.00',422,'FEMALE','TWENTEEN','BASIC',0,NULL,NULL,6),(23,5,'email23@email.com','내이름은23번','qKGSNk3NJqOHGEB1WPjv7A==','2024-08-15 19:33:29.00',1234,'MALE','DEFAULT','BASIC',0,NULL,NULL,5),(24,6,'email24@email.com','내이름은24번','suTwS23de/+ucP5B17Osfg==','2024-08-15 19:33:29.00',4444,'DEFAULT','TWENTEEN','BASIC',0,NULL,NULL,13),(25,7,'email25@email.com','내이름은25번','Yiq8hHihGAPFTlCNIP3oLQ==','2024-08-15 19:33:29.00',3322,'MALE','TWENTEEN','BASIC',0,NULL,NULL,2),(26,3,'email26@email.com','내이름은26번','pshFCg+sA/dWvnPVy0wWmA==','2024-08-15 19:33:29.00',2210,'FEMALE','TWENTEEN','BASIC',0,NULL,NULL,1),(27,4,'email27@email.com','내이름은27번','sNCsUuvxIdqPH6z/lyY9sw==','2024-08-15 19:33:29.00',1122,'DEFAULT','TEENAGER','BASIC',0,NULL,NULL,5),(28,5,'email28@email.com','내이름은28번','C8gTB3MMzRon2oAAVoh6tg==','2024-08-15 19:33:29.00',998,'FEMALE','DEFAULT','BASIC',0,NULL,NULL,15),(29,6,'email29@email.com','내이름은29번','LnoQHR3GDUaO4M33VajJ9Q==','2024-08-15 19:33:29.00',124,'MALE','TWENTEEN','BASIC',0,NULL,'2024-09-14 19:33:29.00',15),(30,7,'email30@email.com','내이름은30번','7xCjDgrlVI5cKaArr0UeCg==','2024-07-16 19:33:29.00',136,'DEFAULT','THIRTEEN','BASIC',1,'2024-08-15 19:33:29.00',NULL,11),(31,7,'email30@email.com','내이름은30번','7xCjDgrlVI5cKaArr0UeCg==','2024-07-16 19:33:29.00',136,'DEFAULT','THIRTEEN','BASIC',1,'2024-08-15 19:33:29.00',NULL,11),(32,2,'dashboard1@email.com','돌잔치때사투리잡음','7eh85f9tkMX5Qz/bzyoDsQ==','2024-02-17 19:33:29.00',2875,'MALE','THIRTEEN','BASIC',0,NULL,NULL,5),(33,3,'dashboard2@email.com','서울빼고다시골','RXPAnZOn/22vmblnZ3/cHA==','2024-02-17 19:33:29.00',5025,'FEMALE','TWENTEEN','BASIC',0,NULL,NULL,11),(34,2,'lesson1@email.com','저표준어잘해요','0NZ2iWzTKRTvpnQgcUKVcQ==','2024-02-17 19:33:29.00',1212,'MALE','THIRTEEN','BASIC',0,NULL,NULL,3),(35,3,'lesson2@email.com','저사투리잘해요','dTJAFQ9N9X9yfFjtO2I5+A==','2024-02-17 19:33:29.00',412,'FEMALE','TWENTEEN','BASIC',0,NULL,NULL,8),(36,1,'admin@email.com','나는어드민이다','7/ahP/BRTeXlDeeWFXJhyg==','2024-08-15 19:33:29.00',422,'DEFAULT','DEFAULT','ADMIN',0,NULL,NULL,1),(37,1,'adminback@email.com','나는어드민백이다','9jbCY94o+tabxGD48B+zVQ==','2024-08-15 19:33:29.00',422,'DEFAULT','DEFAULT','ADMIN',0,NULL,NULL,1);
/*!40000 ALTER TABLE `user` ENABLE KEYS */;
UNLOCK TABLES;
/*!40103 SET TIME_ZONE=@OLD_TIME_ZONE */;

/*!40101 SET SQL_MODE=@OLD_SQL_MODE */;
/*!40014 SET FOREIGN_KEY_CHECKS=@OLD_FOREIGN_KEY_CHECKS */;
/*!40014 SET UNIQUE_CHECKS=@OLD_UNIQUE_CHECKS */;
/*!40101 SET CHARACTER_SET_CLIENT=@OLD_CHARACTER_SET_CLIENT */;
/*!40101 SET CHARACTER_SET_RESULTS=@OLD_CHARACTER_SET_RESULTS */;
/*!40101 SET COLLATION_CONNECTION=@OLD_COLLATION_CONNECTION */;
/*!40111 SET SQL_NOTES=@OLD_SQL_NOTES */;

-- Dump completed on 2024-08-15 19:39:31
